Question,Option_a,Option_b,Option_c,Option_d,Correct_answer,Explanation,Subtopic,Difficulty,Subject,Topic
A gas expands isothermally. What happens to its internal energy?,Increases,Remains constant,Decreases,First increases then decreases,B,Internal energy remains constant in isothermal expansion for ideal gases. Other options are incorrect as they imply energy change.,Internal Energy and Ideal Gases,Easy,Physics,Thermodynamics
What is the SI unit of entropy?,J/K,J,W/K,K/J,A,"Entropy is measured in J/K. Other options are units for different physical quantities, not entropy.",Entropy,Easy,Physics,Thermodynamics
A heat engine operates between 500K and 300K. What is its maximum efficiency?,20%,30%,40%,60%,C,Maximum efficiency = 1 - (T_cold/T_hot) = 1 - (300/500) = 0.4 or 40%. Other options are incorrect calculations.,Carnot Efficiency,Medium,Physics,Thermodynamics
What is the process called when a system absorbs heat without a change in temperature?,Isothermal,Adiabatic,Isobaric,Isochoric,A,Isothermal process occurs at constant temperature. Other options describe different thermodynamic processes.,Thermodynamic Processes,Easy,Physics,Thermodynamics
"For an ideal gas, which of the following is true during an adiabatic expansion?",Temperature remains constant,Internal energy remains constant,Work done is zero,Temperature decreases,D,"In adiabatic expansion, temperature decreases as work is done at the expense of internal energy. Other options are incorrect.",Adiabatic Process,Medium,Physics,Thermodynamics
The zeroth law of thermodynamics is related to which concept?,Temperature,Internal Energy,Entropy,Heat Capacity,A,Zeroth law of thermodynamics defines temperature. Other options are related to different thermodynamic concepts.,Zeroth Law of Thermodynamics,Easy,Physics,Thermodynamics
A refrigerator works on the principle of,Joule-Thomson effect,Carnot cycle,Reversed Carnot cycle,First law of thermodynamics,C,"Refrigerator works on reversed Carnot cycle, transferring heat from cold to hot. Other options are related but not the principle.",Refrigeration Cycle,Medium,Physics,Thermodynamics
The change in internal energy of a system is given by,ΔU = Q + W,ΔU = Q - W,ΔU = W - Q,ΔU = Q * W,A,"First law of thermodynamics states ΔU = Q + W, where W is work done on the system. Other options are incorrect sign conventions.",First Law of Thermodynamics,Easy,Physics,Thermodynamics
"For a given isothermal process, the work done is maximum when",Pressure is constant,Volume is constant,The process is reversible,The process is irreversible,C,Maximum work is done in a reversible isothermal expansion. Other options do not maximize work done.,Reversible Processes,Medium,Physics,Thermodynamics
The coefficient of performance (COP) of a refrigerator is given by,T_cold / (T_hot - T_cold),T_hot / (T_hot - T_cold),T_cold / T_hot,T_hot / T_cold,A,COP = T_cold / (T_hot - T_cold) for a refrigerator. Other options are incorrect or related to different quantities.,Coefficient of Performance,Medium,Physics,Thermodynamics
What happens to the entropy of the universe in a spontaneous process?,Remains constant,Decreases,Increases,First decreases then increases,C,Entropy of the universe always increases in a spontaneous process. Other options are incorrect as they violate the second law.,Second Law of Thermodynamics,Easy,Physics,Thermodynamics
The internal energy of an ideal gas depends on,Volume only,Temperature only,Pressure only,Both temperature and volume,B,"For an ideal gas, internal energy is a function of temperature only. Other options are incorrect as they imply additional dependencies.",Internal Energy of Ideal Gases,Easy,Physics,Thermodynamics
A thermodynamic process occurs at constant volume. What is it called?,Isobaric,Isothermal,Isochoric,Adiabatic,C,Isochoric process occurs at constant volume. Other options describe different thermodynamic processes.,Thermodynamic Processes,Easy,Physics,Thermodynamics
The efficiency of a Carnot engine is 0.5. What is the temperature of the cold reservoir if the hot reservoir is at 500K?,250K,200K,300K,400K,A,"Efficiency = 1 - (T_cold/T_hot). Given efficiency = 0.5 and T_hot = 500K, T_cold = 250K. Other options are incorrect temperatures.",Carnot Efficiency,Medium,Physics,Thermodynamics
"In a cyclic process, the change in internal energy is",Positive,Negative,Zero,Depends on the path,C,"In a cyclic process, the system returns to its initial state, so ΔU = 0. Other options imply a change in state.",Cyclic Processes,Easy,Physics,Thermodynamics
What is the condition for a process to be reversible?,It must be adiabatic,It must be isothermal,It must be quasi-static,It must be isobaric,C,"A reversible process must be quasi-static and have no dissipative forces. Other options describe specific types of processes, not the condition for reversibility.",Reversible Processes,Medium,Physics,Thermodynamics
The second law of thermodynamics implies that,Heat can flow from cold to hot spontaneously,Perpetual motion machines of the second kind are possible,The total entropy of an isolated system can never decrease,The efficiency of a heat engine can be 100%,C,The second law states that total entropy of an isolated system always increases or remains constant. Other options violate the second law.,Second Law of Thermodynamics,Medium,Physics,Thermodynamics
"For an ideal gas, the molar specific heat at constant pressure is",Greater than at constant volume,Less than at constant volume,Equal to at constant volume,Zero,A,"C_p > C_v because at constant pressure, the gas does work in addition to the energy required to raise the temperature. Other options are incorrect comparisons.",Specific Heats of Gases,Hard,Physics,Thermodynamics
"In an adiabatic process, the heat transfer (Q) is",Maximum,Zero,Minimum,Depends on the gas,B,"In an adiabatic process, Q = 0 by definition. Other options are incorrect as they imply heat transfer.",Adiabatic Process,Easy,Physics,Thermodynamics
A thermodynamic system's internal energy increases by 100 J when 200 J of heat is added and it does 100 J of work. Is this possible?,"Yes, always","No, never","Yes, if the process is isobaric","Yes, if the process is adiabatic",B,"ΔU = Q + W = 200 J - 100 J = 100 J, which matches the given increase in internal energy, so it's possible but not related to being isobaric or adiabatic. The statement is actually true according to the first law.",First Law of Thermodynamics,Hard,Physics,Thermodynamics
A heat engine operates between 227°C and 27°C. What is its maximum possible efficiency?,20%,40%,50%,60%,B,Carnot efficiency = 1 - (T_cold / T_hot) = 1 - (300 / 500) = 0.4 or 40%. Other options are incorrect temperatures or calculations.,Carnot Cycle,Medium,Physics,Thermodynamics
"At constant volume, 200 J of heat is added to 2 moles of an ideal gas at 300 K. What is the change in internal energy?",100 J,200 J,300 J,400 J,B,"ΔU = Q at constant volume. Q = 200 J, so ΔU = 200 J. Other options misinterpret the first law of thermodynamics.",First Law of Thermodynamics,Easy,Physics,Thermodynamics
A refrigerator's coefficient of performance is 5. How much heat is removed from the cold body if 1 kJ of work is done?,2 kJ,5 kJ,10 kJ,0.2 kJ,B,"COP = Q_c / W, so Q_c = COP * W = 5 * 1 kJ = 5 kJ. Other options miscalculate COP or its implications.",Refrigeration,Medium,Physics,Thermodynamics
"For an adiabatic expansion of an ideal gas, what happens to the internal energy?",Increases,Decreases,Remains constant,Becomes zero,B,"In adiabatic expansion, Q = 0, and W is done by the gas, so ΔU = -W, decreasing internal energy. Other options misinterpret adiabatic process.",Adiabatic Processes,Medium,Physics,Thermodynamics
The specific heat capacity of water is 4200 J/kg°C. How much heat is required to raise the temperature of 2 kg of water by 5°C?,21000 J,42000 J,84000 J,168000 J,B,Q = mcΔT = 2 kg * 4200 J/kg°C * 5°C = 42000 J. Other options miscalculate or use wrong specific heat capacity.,Specific Heat Capacity,Easy,Physics,Thermodynamics
"In a cyclic process, the net change in internal energy is",Always positive,Always negative,Zero,Dependent on the path,C,"In a cyclic process, the system returns to its initial state, so ΔU = 0. Other options misunderstand the definition of a cyclic process.",Cyclic Processes,Easy,Physics,Thermodynamics
"The efficiency of a Carnot engine is 0.5. If the temperature of the hot reservoir is 500 K, what is the temperature of the cold reservoir?",250 K,300 K,350 K,400 K,A,"η = 1 - (T_c / T_h), so T_c = T_h * (1 - η) = 500 K * (1 - 0.5) = 250 K. Other options miscalculate or misunderstand Carnot efficiency.",Carnot Cycle,Medium,Physics,Thermodynamics
"For a given isothermal expansion, the work done by an ideal gas is maximum when",Pressure is high,Pressure is low,Volume is small,Volume is large,B,"Work done in isothermal expansion is given by W = nRT ln(V_f / V_i). For given V_i and V_f, work is maximum when pressure (and thus density) is low, allowing more expansion. Other options misunderstand the conditions for maximum work.",Isothermal Processes,Hard,Physics,Thermodynamics
A system does 500 J of work and loses 200 J of heat. What is the change in its internal energy?,-700 J,-300 J,300 J,700 J,A,ΔU = Q - W = -200 J - 500 J = -700 J. Other options misapply the first law of thermodynamics.,First Law of Thermodynamics,Medium,Physics,Thermodynamics
The molar specific heat capacity at constant volume for an ideal monatomic gas is,(3/2)R,(5/2)R,3R,5R,A,"For a monatomic ideal gas, C_v = (3/2)R. Other options are specific heats for different types of gases or processes.",Specific Heat Capacities of Gases,Easy,Physics,Thermodynamics
"During an adiabatic compression, the temperature of an ideal gas",Decreases,Remains constant,Increases,Becomes zero,C,"In adiabatic compression, work is done on the gas, increasing its internal energy and thus temperature. Other options misinterpret adiabatic compression.",Adiabatic Processes,Medium,Physics,Thermodynamics
The entropy change in a reversible adiabatic process is,Positive,Negative,Zero,Undefined,C,"In a reversible adiabatic process, ΔS = 0 because Q = 0 and the process is reversible. Other options misunderstand the definition of entropy change.",Entropy,Easy,Physics,Thermodynamics
"A heat engine operates between two temperatures, 500 K and 300 K. What is its Carnot efficiency?",0.2,0.4,0.6,0.8,B,η = 1 - (T_c / T_h) = 1 - (300 / 500) = 0.4. Other options miscalculate or misunderstand Carnot efficiency.,Carnot Cycle,Easy,Physics,Thermodynamics
"For an ideal gas, the internal energy depends on",Volume only,Pressure only,Temperature only,Both volume and temperature,C,"For an ideal gas, internal energy is a function of temperature only. Other options misunderstand the properties of an ideal gas.",Ideal Gases,Easy,Physics,Thermodynamics
"In an isobaric process, the pressure remains",Constant,Increasing,Decreasing,Zero,A,"By definition, in an isobaric process, the pressure remains constant. Other options misinterpret the meaning of isobaric.",Isobaric Processes,Easy,Physics,Thermodynamics
The work done in an isochoric process is,Maximum,Minimum,Zero,Undefined,C,"In an isochoric process, volume remains constant, so W = 0. Other options misunderstand the definition of an isochoric process.",Isochoric Processes,Easy,Physics,Thermodynamics
"For a reversible isothermal expansion of an ideal gas, the change in entropy is given by",nR ln(V_f / V_i),nR ln(V_i / V_f),nR ln(P_f / P_i),nR ln(P_i / P_f),A,ΔS = Q / T = nRT ln(V_f / V_i) / T = nR ln(V_f / V_i). Other options misapply the formula for entropy change.,Entropy,Medium,Physics,Thermodynamics
A Carnot refrigerator operates between 250 K and 300 K. What is its coefficient of performance?,4,5,6,7,B,COP = T_c / (T_h - T_c) = 250 / (300 - 250) = 5. Other options miscalculate or misunderstand the COP of a refrigerator.,Refrigeration,Medium,Physics,Thermodynamics
A gas expands isothermally from 2L to 4L at 300K. What is the work done if there are 2 moles of gas?,2300 J,3456 J,-3456 J,0 J,C,"Work done = nRT ln(Vf/Vi) = 2 * 8.314 * 300 * ln(4/2) = 3456 J, negative because it's expansion.",Isothermal Processes,Medium,Physics,Thermodynamics
A heat engine operates between 500K and 300K. What is its maximum possible efficiency?,20%,40%,60%,80%,B,Efficiency = 1 - (T_cold/T_hot) = 1 - (300/500) = 0.4 or 40%. Other options are incorrect temperatures or calculations.,Heat Engines,Easy,Physics,Thermodynamics
"For an adiabatic expansion of an ideal gas, which quantity remains constant?",Internal Energy,Entropy,PV^\gamma,Temperature,C,"In adiabatic process, PV^\gamma = constant. Entropy is not exactly constant but for ideal gas it is.",Adiabatic Processes,Medium,Physics,Thermodynamics
A refrigerator's coefficient of performance is 4. How much heat is removed from the cold body if 100 J work is done?,400 J,500 J,300 J,200 J,A,"COP = Q_c / W, so Q_c = COP * W = 4 * 100 = 400 J. Other options misinterpret COP or work done.",Refrigerators,Medium,Physics,Thermodynamics
A system undergoes a cyclic process. What is the net change in internal energy?,Always positive,Always negative,Zero,Depends on the process,C,"In a cyclic process, \Delta U = 0 because initial and final states are the same.",Cyclic Processes,Easy,Physics,Thermodynamics
"For a given isothermal compression, which of the following is true?",Work done on the system is positive,Work done by the system is positive,Internal energy increases,Internal energy decreases,A,"In compression, work is done on the system, so it's positive. Internal energy doesn't change in isothermal process.",Isothermal Processes,Medium,Physics,Thermodynamics
The entropy change of a free expansion is,Positive,Negative,Zero,Undefined,A,"In free expansion, entropy increases because disorder increases. Other options misinterpret entropy change.",Entropy,Easy,Physics,Thermodynamics
A Carnot engine operates between 800K and 400K. What is its efficiency?,25%,50%,75%,100%,B,Efficiency = 1 - (T_cold/T_hot) = 1 - (400/800) = 0.5 or 50%. Other options are wrong temperatures or calculations.,Carnot Cycle,Medium,Physics,Thermodynamics
The molar specific heat at constant volume for a monatomic gas is,(3/2)R,(5/2)R,3R,2R,A,"For monatomic gas, C_v = (3/2)R. Other options are specific heats for different types of gases.",Specific Heat Capacities,Easy,Physics,Thermodynamics
A gas is compressed adiabatically. What happens to its temperature?,Decreases,Remains constant,Increases,Can't be determined,C,"In adiabatic compression, temperature increases because work done on the system increases its internal energy.",Adiabatic Processes,Medium,Physics,Thermodynamics
The first law of thermodynamics is a statement of,Conservation of energy,Conservation of momentum,Conservation of charge,Conservation of mass,A,"First law, \Delta U = Q - W, represents conservation of energy. Other options are unrelated conservation laws.",First Law of Thermodynamics,Easy,Physics,Thermodynamics
"For an ideal gas, the internal energy during an isothermal expansion",Increases,Decreases,Remains constant,First increases then decreases,C,"Internal energy of ideal gas depends only on temperature, which remains constant in isothermal process.",Internal Energy,Easy,Physics,Thermodynamics
A heat pump operates between 250K and 300K. What is its coefficient of performance?,5,6,7,8,B,COP = T_hot / (T_hot - T_cold) = 300 / (300 - 250) = 6. Other options misinterpret COP formula or temperatures.,Heat Pumps,Medium,Physics,Thermodynamics
"In a thermodynamic process, the work done by the gas is 200 J and the heat supplied is 300 J. What is the change in internal energy?",100 J,-100 J,500 J,-500 J,A,\Delta U = Q - W = 300 - 200 = 100 J. Other options misapply the first law.,First Law of Thermodynamics,Medium,Physics,Thermodynamics
A thermodynamic system undergoes an isobaric expansion. What remains constant?,Pressure,Volume,Temperature,Internal Energy,A,"In isobaric process, pressure remains constant. Other options change during isobaric expansion.",Isobaric Processes,Easy,Physics,Thermodynamics
The change in entropy for a reversible adiabatic process is,Positive,Negative,Zero,Undefined,C,"For reversible adiabatic process, \Delta S = 0 because it's isentropic. Other options misinterpret entropy change.",Entropy,Medium,Physics,Thermodynamics
A thermodynamic process occurs in which the volume remains constant. What type of process is this?,Isothermal,Adiabatic,Isobaric,Isochoric,D,Isochoric process is one where volume remains constant. Other options are different types of thermodynamic processes.,Isochoric Processes,Easy,Physics,Thermodynamics
Why does the temperature of a gas remain constant during an isothermal expansion?,Because the gas is ideal,Because heat is absorbed by the gas,Because the gas is insulated,Because the expansion is slow,B,"Heat is absorbed, maintaining constant temperature; 'ideal gas' is a property, not the reason for constant temperature.",Isothermal Processes,Medium,Physics,Thermodynamics
"In an adiabatic compression, what happens to the internal energy of the gas?",It decreases,It remains the same,It increases,It becomes zero,C,Internal energy increases due to work done on the gas; no heat transfer occurs in adiabatic processes.,Adiabatic Processes,Easy,Physics,Thermodynamics
A refrigerator transfers heat from a cold body to a hot body. Which law of thermodynamics does this process violate if there is no external work?,Zeroth Law,First Law,Second Law,Third Law,C,Second Law is violated as spontaneous heat transfer from cold to hot is impossible without external work.,Second Law of Thermodynamics,Medium,Physics,Thermodynamics
What is the primary function of a heat engine's 'sink'?,To supply heat to the engine,To absorb excess heat from the engine,To do work on the surroundings,To increase the engine's efficiency,B,"The sink absorbs excess heat, allowing the engine to operate in a cycle; it doesn't supply heat or do work.",Heat Engines,Easy,Physics,Thermodynamics
Why can't a real heat engine achieve 100% efficiency?,Due to friction,Due to heat loss,Because it violates the Second Law,Because it operates in a cycle,C,"100% efficiency violates the Second Law; friction and heat loss are practical limitations, not the fundamental reason.",Efficiency of Heat Engines,Hard,Physics,Thermodynamics
"In a thermodynamic process, the internal energy of an ideal gas remains constant. What type of process is this?",Isobaric,Isochoric,Isothermal,Adiabatic,C,"Internal energy of an ideal gas depends on temperature; constant internal energy implies constant temperature, hence isothermal.",Internal Energy,Medium,Physics,Thermodynamics
What is the change in entropy of a system during a reversible adiabatic process?,Positive,Negative,Zero,Undefined,C,Entropy change is zero in a reversible adiabatic process; it's isentropic.,Entropy,Easy,Physics,Thermodynamics
Why is the Carnot cycle considered an ideal cycle?,Because it's reversible,Because it's adiabatic,Because it's isothermal,Because it's isobaric,A,"Carnot cycle is ideal because it's reversible, maximizing efficiency; reversibility is key, not just being isothermal or adiabatic.",Carnot Cycle,Medium,Physics,Thermodynamics
A gas expands against a constant external pressure. What type of expansion is this?,Isothermal,Adiabatic,Free Expansion,Quasi-static,C,Free expansion occurs against zero or constant external pressure; it's not necessarily isothermal or adiabatic.,Types of Expansion,Easy,Physics,Thermodynamics
What happens to the temperature of an ideal gas during a free expansion?,It increases,It decreases,It remains the same,It becomes zero,C,Temperature remains the same for an ideal gas in free expansion; internal energy depends only on temperature.,Free Expansion,Medium,Physics,Thermodynamics
The efficiency of a Carnot engine depends on which of the following?,Working substance,Temperature of source and sink,Design of engine,Type of fuel used,B,Carnot efficiency depends on source and sink temperatures; it's independent of working substance or engine design.,Carnot Efficiency,Easy,Physics,Thermodynamics
"In a cyclic process, what is the net change in internal energy?",Positive,Negative,Zero,Undefined,C,"Internal energy is a state function; in a cycle, initial and final states are the same, so net change is zero.",Internal Energy in Cyclic Processes,Easy,Physics,Thermodynamics
Why is the melting of ice considered a reversible process?,Because it's spontaneous,Because it's slow,Because it occurs at equilibrium,Because it's exothermic,C,Melting of ice is reversible because it occurs at equilibrium temperature; slow and spontaneous are related but not the defining characteristic.,Reversible Processes,Medium,Physics,Thermodynamics
What is the significance of the 'triple point' of a substance?,It's the critical temperature,It's the boiling point,"It's where solid, liquid, and gas coexist",It's the temperature of maximum density,C,Triple point is where all three phases coexist in equilibrium; it's a specific temperature and pressure.,Phase Diagrams,Hard,Physics,Thermodynamics
"During an isobaric expansion, what happens to the temperature of an ideal gas?",It decreases,It remains the same,It increases,It becomes zero,C,"For an ideal gas, PV = nRT; at constant P, V increase implies T increase.",Isobaric Processes,Medium,Physics,Thermodynamics
What is the characteristic of an isochoric process?,Constant pressure,Constant volume,Constant temperature,Constant entropy,B,Isochoric means constant volume; it's a process where volume doesn't change.,Isochoric Processes,Easy,Physics,Thermodynamics
Why does the entropy of a substance increase during melting?,Because it becomes more ordered,Because it absorbs heat,Because its temperature increases,Because it becomes less ordered,D,Entropy increases as the substance becomes less ordered; heat absorption is related but not the direct reason.,Entropy Change,Medium,Physics,Thermodynamics
"In a heat engine, what is the role of the working substance?",To absorb heat from the source,To reject heat to the sink,To do work on the surroundings,To transfer energy,D,"Working substance absorbs heat, rejects heat, and does work; it's the medium for energy transfer.",Heat Engines,Easy,Physics,Thermodynamics
What is the primary difference between a heat pump and a refrigerator?,Working substance,Operating temperature range,Direction of heat transfer,Purpose of operation,D,Heat pump and refrigerator work on the same principle; the difference lies in their purpose - heating vs cooling.,Heat Pumps and Refrigerators,Hard,Physics,Thermodynamics
Why can't we build a perpetual motion machine of the second kind?,Because it violates the First Law,Because it violates the Second Law,Because it's not reversible,Because it's not adiabatic,B,Perpetual motion machine of the second kind violates the Second Law by converting all heat to work.,Perpetual Motion Machines,Hard,Physics,Thermodynamics
"In an adiabatic process, the temperature of an ideal gas decreases. What is happening to the gas?",Expanding,Contracting,Being heated,Being compressed adiabatically,A,"In adiabatic expansion, temperature decreases; contracting or being heated would increase temperature.",Adiabatic Process,Medium,Physics,Thermodynamics
What is the main difference between isothermal and adiabatic processes?,Heat transfer occurs in isothermal but not adiabatic,Work done is zero in isothermal,Temperature remains constant in adiabatic,Internal energy changes in isothermal,A,Isothermal processes allow heat transfer to maintain constant temperature; adiabatic processes do not allow heat transfer.,Isothermal and Adiabatic Processes,Medium,Physics,Thermodynamics
A refrigerator is a type of heat engine that operates in reverse. What is its primary function?,Converting work into heat,Transferring heat from cold to hot,Generating work from heat,Maintaining constant temperature,B,Refrigerators transfer heat from cold body to hot; this is reverse of heat engine operation.,Refrigeration,Easy,Physics,Thermodynamics
The first law of thermodynamics is a statement of which conservation principle?,Momentum,Energy,Charge,Mass,B,"First law states energy cannot be created or destroyed, only transformed; this is energy conservation.",First Law of Thermodynamics,Easy,Physics,Thermodynamics
The coefficient of performance (COP) of a refrigerator is defined as?,Heat absorbed / work done,Work done / heat absorbed,Heat rejected / work done,Work done / heat rejected,A,COP of refrigerator is ratio of heat absorbed to work done; it's a measure of efficiency.,Coefficient of Performance,Medium,Physics,Thermodynamics
"For an ideal gas, what is the relation between internal energy and temperature?",Internal energy is inversely proportional to temperature,Internal energy is directly proportional to temperature,Internal energy is independent of temperature,Internal energy is exponentially related to temperature,B,"For ideal gases, internal energy depends only on temperature; it's directly proportional.",Internal Energy and Temperature,Easy,Physics,Thermodynamics
"A heat engine operates between two temperatures, 500 K and 300 K. What is its maximum possible efficiency?",20%,40%,60%,80%,B,Maximum efficiency is given by Carnot efficiency = 1 - (T_cold / T_hot) = 1 - (300/500) = 0.4 or 40%.,Carnot Efficiency,Medium,Physics,Thermodynamics
What happens to the entropy of a system when it absorbs heat?,Decreases,Remains constant,Increases,Becomes zero,C,Entropy increases when a system absorbs heat; it's a measure of disorder or randomness.,Entropy,Easy,Physics,Thermodynamics
A thermodynamic process occurs slowly enough that the system remains in equilibrium. What is this process called?,Adiabatic,Isothermal,Reversible,Irreversible,C,"Reversible processes occur slowly, keeping the system in equilibrium; this is a defining characteristic.",Reversible Processes,Medium,Physics,Thermodynamics
What is the change in entropy for a reversible adiabatic process?,Positive,Negative,Zero,Undefined,C,"In reversible adiabatic processes, entropy change is zero; no heat is transferred.",Entropy Change,Medium,Physics,Thermodynamics
"For an ideal gas undergoing an isothermal expansion, what is the work done?",nRT ln(Vf/Vi),nRT ln(Vi/Vf),nR(Tf - Ti),P(Vf - Vi),A,Work done in isothermal expansion is given by nRT ln(Vf/Vi); this formula applies to ideal gases.,Work Done in Isothermal Expansion,Hard,Physics,Thermodynamics
The entropy change of a system and its surroundings together is?,Always positive,Always negative,Zero for reversible processes,Undefined,C,"For reversible processes, total entropy change (system + surroundings) is zero; it's positive for irreversible processes.",Total Entropy Change,Hard,Physics,Thermodynamics
What is the primary function of a heat engine?,To transfer heat from cold to hot,To convert work into heat,To generate work from heat,To maintain constant temperature,C,Heat engines generate work from heat; this is their primary function.,Heat Engines,Easy,Physics,Thermodynamics
"In a thermodynamic cycle, the net work done is equal to?",Net heat absorbed,Net heat rejected,Change in internal energy,Change in entropy,A,"In a cycle, net work done equals net heat absorbed; internal energy returns to its initial value.",Thermodynamic Cycles,Medium,Physics,Thermodynamics
The second law of thermodynamics implies that?,Heat cannot flow from cold to hot,All heat engines have 100% efficiency,Entropy of an isolated system always increases,Internal energy is conserved,C,Second law states that entropy of an isolated system always increases or remains constant; it never decreases.,Second Law of Thermodynamics,Hard,Physics,Thermodynamics
A system undergoes a process in which its entropy decreases. What can be said about this process?,It is reversible,It is irreversible,It is not isolated,It is adiabatic,C,"If entropy decreases, the system is not isolated; entropy can decrease in a non-isolated system.",Entropy Decrease,Hard,Physics,Thermodynamics
"For an ideal gas, the molar specific heat at constant volume (Cv) is?",(3/2)R for monatomic gases,(5/2)R for diatomic gases,(3/2)R for diatomic gases,Always constant,A,"For monatomic ideal gases, Cv = (3/2)R; this is a fundamental property.",Specific Heat Capacities,Easy,Physics,Thermodynamics
A cyclist's hand pump heats up when inflating a tire. Which law explains the temperature rise during rapid compression?,First law (work done increases internal energy),Second law (entropy increases irreversibly),Isothermal process (temperature remains constant),Heat conduction (pump transfers heat to air),A,Rapid compression is adiabatic; work done on gas increases its internal energy. C is wrong because temperature doesn't stay constant.,First Law of Thermodynamics,Medium,Physics,Thermodynamics
A refrigerator removes 400 J of heat from food while consuming 100 J of work. What is its coefficient of performance?,4.0,2.5,0.25,5.0,A,COP = Qc/W = 400/100. C is incorrect as it inverts the ratio (W/Qc).,Refrigeration Cycle,Easy,Physics,Thermodynamics
Steel girders in a bridge expand on hot days. Which property prevents structural damage?,Linear expansion coefficient,Thermal conductivity,Specific heat capacity,Latent heat of fusion,A,"Expansion joints accommodate length changes due to linear expansion. B relates to heat transfer, not expansion.",Thermal Expansion,Medium,Physics,Thermodynamics
A pressure cooker reduces cooking time by increasing boiling point. What thermodynamic principle explains this?,Boiling point elevates with pressure,Latent heat of vaporization decreases,Specific heat capacity increases,Adiabatic compression raises temperature,A,"Higher pressure raises water's boiling point, speeding up cooking. D confuses vapor pressure with gas compression.",Applications of Heat,Medium,Physics,Thermodynamics
A 0.5 kg copper block (c = 385 J/kg°C) at 100°C is placed in 1 kg water (c = 4200 J/kg°C) at 20°C. What is the final equilibrium temperature?,24.6°C,26.3°C,28.9°C,30.5°C,B,Heat lost by copper = heat gained by water. Distractors use incorrect mass or specific heat values.,Calorimetry,Hard,Physics,Thermodynamics
A gas undergoes adiabatic free expansion into a vacuum. What happens to entropy?,Increases,Decreases,Remains constant,Becomes zero,A,Entropy increases irreversibly in free expansion. C is wrong because adiabatic ≠ isentropic here.,Entropy and Irreversibility,Hard,Physics,Thermodynamics
An internal combustion engine operates between 227°C and 27°C. What is its maximum theoretical efficiency?,40%,55%,60%,73%,A,Carnot efficiency = (Th - Tc)/Th = (500-300)/500 = 40%. B assumes Celsius instead of Kelvin.,Carnot Engine,Medium,Physics,Thermodynamics
Which material property determines why woolen clothes keep body heat better than synthetic fibers?,Low thermal conductivity,High specific heat capacity,Low latent heat,High emissivity,A,"Wool traps air, reducing conduction. B is irrelevant as it relates to heat storage, not retention.",Heat Transfer,Medium,Physics,Thermodynamics
A dental filling cracks when cold drink is consumed. What causes this?,Thermal expansion mismatch between filling and tooth,Melting point difference,Specific heat capacity variation,Thermal conductivity difference,A,"Unequal contraction causes stress. D is incorrect because conductivity affects heat transfer, not expansion.",Thermal Expansion,Medium,Physics,Thermodynamics
"A 2 kW electric heater warms a room. If 50% of heat escapes, how long does it take to raise 50 kg air's temperature by 10°C? (c_air = 1000 J/kg°C)",125 seconds,250 seconds,500 seconds,750 seconds,B,"Energy needed = mcΔT = 50*1000*10 = 500,000 J. Net power = 1000 W. Time = 500,000/1000 = 500 s. A neglects 50% loss.",Heat Energy Calculations,Hard,Physics,Thermodynamics
"In a diesel engine, compression ignites fuel without spark plugs. Which process explains this?",Adiabatic compression,Isothermal compression,Isobaric expansion,Isochoric heating,A,Rapid compression raises temperature adiabatically. B is incorrect because no heat escapes during compression.,Engines,Medium,Physics,Thermodynamics
A pot of water boils at 100°C at sea level. What happens at high altitude where air pressure is lower?,Boiling point increases,Boiling point decreases,Latent heat increases,Specific heat decreases,B,Lower pressure reduces boiling point. A reverses the altitude effect.,Phase Changes,Easy,Physics,Thermodynamics
A Carnot engine's efficiency drops when working between 100°C and 0°C vs 100°C and 50°C. Why?,Smaller temperature difference,Higher heat loss,Lower specific heat,Increased entropy,A,Efficiency depends on Th - Tc; smaller difference reduces efficiency. B is vague and incorrect.,Carnot Efficiency,Medium,Physics,Thermodynamics
A pressure cooker's safety valve releases steam when pressure exceeds 2 atm. What thermodynamic property limits this?,Vapor pressure,Critical temperature,Surface tension,Heat of vaporization,A,Vapor pressure determines when steam escapes. D is irrelevant to pressure limits.,Applications of Heat,Medium,Physics,Thermodynamics
A hiker's body loses heat by conduction through cold ground. Which material minimizes this loss?,Foam sleeping pad,Metal camping mat,Wet grass,Stone slab,A,"Foam has low thermal conductivity. B and D have high conductivity, accelerating heat loss.",Thermal Conductivity,Easy,Physics,Thermodynamics
A glass tumbler cracks when hot tea is poured. Why does this occur?,Thermal stress from uneven expansion,Glass's low specific heat,High latent heat of tea,Glass's high emissivity,A,"Outer glass expands less than inner liquid, creating stress. B is irrelevant to structural failure.",Thermal Stress,Medium,Physics,Thermodynamics
A steam turbine converts heat to work. What fraction represents its efficiency if it absorbs 1000 J and rejects 600 J?,40%,60%,20%,80%,A,"Efficiency = (1000-600)/1000 = 40%. B calculates rejected heat/W, not efficiency.",Heat Engines,Easy,Physics,Thermodynamics
Why does sweating cool the body more effectively in dry air?,Higher evaporation rate,Lower latent heat of vaporization,Increased conduction,Reduced specific heat,A,"Dry air evaporates sweat faster, removing more heat. B is incorrect as latent heat remains constant.",Evaporation and Cooling,Medium,Physics,Thermodynamics
A 500 g block of ice at 0°C is melted. How much heat is required? (Latent heat = 334 kJ/kg),167 kJ,334 kJ,668 kJ,83.5 kJ,A,Q = mL = 0.5 kg × 334 kJ/kg = 167 kJ. B assumes full mass at 1 kg.,Latent Heat,Medium,Physics,Thermodynamics
A metal bridge has expansion joints to prevent buckling during hot weather. Which thermodynamic principle explains this?,Thermal conduction,Thermal expansion,Latent heat absorption,Radiative cooling,B,"Thermal expansion causes materials to expand with heat. Distractor A fails as conduction relates to heat transfer, not expansion.",Thermal Expansion,Easy,Physics,Thermodynamics
A pressure cooker reduces cooking time because the boiling point of water increases with pressure. Which law supports this?,Charles's Law,Boyle's Law,Gay-Lussac's Law,Clausius-Clapeyron relation,D,The Clausius-Clapeyron relation links vapor pressure to boiling point. Distractor C (Gay-Lussac's) applies to gas laws at constant volume.,Phase Changes,Medium,Physics,Thermodynamics
An athlete's muscle fatigue during sprinting is partly due to lactic acid buildup. Which thermodynamic process explains this anaerobic energy production?,Oxidative phosphorylation,Glycolysis,Citric acid cycle,Beta-oxidation,B,"Glycolysis produces ATP without oxygen, causing lactic acid. Distractor A is aerobic, not relevant to short sprints.",Bioenergetics,Medium,Physics,Thermodynamics
"During winter, a bimetallic strip in a thermostat bends because:",Different specific heats,Different thermal conductivities,Different expansion rates,Different masses,C,"Expansion rate differences cause bending. Distractor A confuses with heat capacity, not expansion behavior.",Thermal Expansion,Easy,Physics,Thermodynamics
Refrigerators require external work to transfer heat from cold to hot compartments. This aligns with the:,Zeroth Law,First Law,Second Law,Third Law,C,The Second Law prohibits spontaneous heat transfer from cold to hot. Distractor B (conservation) is unrelated to directionality.,Laws of Thermodynamics,Hard,Physics,Thermodynamics
A black pot heats faster in sunlight than a white one because it has higher:,Thermal conductivity,Specific heat,Emissivity,Density,C,"Higher emissivity increases absorption of radiation. Distractor A relates to material conductivity, not color.",Radiation,Medium,Physics,Thermodynamics
Steel cookware is often coated with copper to improve heat distribution due to copper's:,Lower melting point,Higher thermal conductivity,Greater density,Lower specific heat,B,Copper conducts heat faster than steel. Distractor D is irrelevant to conductivity.,Thermal Conductivity,Easy,Physics,Thermodynamics
The efficiency of a Carnot engine depends on the:,Working substance,Temperature difference,Engine size,Fuel type,B,Carnot efficiency is governed by temperature gradients. Distractor A is a common misconception but irrelevant to ideal efficiency.,Heat Engines,Hard,Physics,Thermodynamics
"In a steam engine, water is heated to produce mechanical work. This process resembles a real-world application of the:",Isochoric process,Isobaric process,Adiabatic process,Cyclic process,D,Steam engines operate in cycles (return to initial state). Distractor B (constant pressure) fits partial stages but not the full cycle.,Thermodynamic Cycles,Medium,Physics,Thermodynamics
Sweating cools the body primarily through the process of:,Convection,Radiation,Evaporation,Conduction,C,Evaporation absorbs latent heat. Distractor A (convection) describes air movement but not the cooling mechanism.,Latent Heat,Easy,Physics,Thermodynamics
A gas in a sealed syringe does work on its surroundings when expanded. This process aligns with the:,First Law of Thermodynamics,Second Law of Thermodynamics,Law of conservation of mass,Law of entropy,A,"The First Law accounts for energy transfer via work. Distractor B addresses entropy direction, not energy balance.",Energy Conservation,Medium,Physics,Thermodynamics
The specific heat of water is higher than sand. This explains why coastal areas have:,Higher average temperatures,Lower temperature fluctuations,More extreme weather,Greater rainfall,B,High specific heat stabilizes temperature. Distractor A is false as water absorbs more heat without temperature spikes.,Specific Heat,Medium,Physics,Thermodynamics
A thermoelectric cooler in a portable fridge transfers heat via the Peltier effect. This process involves:,Electrical work to generate heat flow,Radiative heat transfer,Mechanical compression,Phase change materials,A,The Peltier effect uses electricity to move heat. Distractor C describes traditional refrigeration methods.,Modern Applications,Hard,Physics,Thermodynamics
A gas undergoes adiabatic expansion in a diesel engine. During this process:,Heat is exchanged with surroundings,No work is done,Temperature remains constant,Temperature decreases,D,Adiabatic expansion causes cooling as gas does work. Distractor C applies only to isothermal processes.,Adiabatic Processes,Hard,Physics,Thermodynamics
The handle of a saucepan is made of plastic to minimize heat transfer to the hand. This is due to plastic's:,Low thermal conductivity,High specific heat,High emissivity,Low mass,A,"Low conductivity prevents heat flow. Distractor B (specific heat) relates to heat storage, not transfer.",Thermal Conductivity,Easy,Physics,Thermodynamics
A pot of boiling water shows convection currents due to:,Density differences from temperature,Radiation from the stove,Evaporation at the surface,Condensation on the lid,A,Convection arises from density gradients. Distractor B (radiation) drives heating but not the internal flow.,Convection,Medium,Physics,Thermodynamics
"The thermal conductivity of fiberglass insulation in walls is low, which minimizes:",Radiation,Conduction,Convection,Evaporation,B,"Low conductivity resists conduction. Distractor C (convection) is reduced via air pockets, not conductivity.",Insulation,Medium,Physics,Thermodynamics
A heat pump operates by transferring heat from a cooler exterior to a warmer interior. This process requires:,No work input,Work input against the natural direction,Perfect efficiency,Zero entropy change,B,Work input is needed per Second Law. Distractor A violates the Second Law.,Heat Pumps,Hard,Physics,Thermodynamics
"In a pressure cooker, food cooks faster because the boiling point of water:",Decreases with pressure,Increases with pressure,Is independent of pressure,Is constant at 100°C,B,Higher pressure raises boiling point. Distractor A reverses the true relationship.,Boiling Point,Easy,Physics,Thermodynamics
A pressure cooker reduces cooking time because:,The boiling point of water increases with pressure,Steam transfers heat faster than boiling water,Pressure forces heat deeper into food,Water evaporates more quickly at atmospheric pressure,A,Boiling point increases with pressure. Option B confuses heat transfer with vapor pressure effects.,Phase Changes in Cooking,Medium,Physics,Thermodynamics
Coastal towns have moderate temperatures compared to inland areas due to water's:,High specific heat capacity,High thermal conductivity,High latent heat of fusion,High surface tension,A,Water's high specific heat stabilizes temperature. Option B confuses conduction with heat storage.,Heat Capacity Applications,Medium,Physics,Thermodynamics
A glass tumbler cracks when hot liquid is poured in because:,Glass expands unevenly due to thermal stress,Glass contracts rapidly when heated,Water's heat capacity transfers too much energy,Glass has zero coefficient of linear expansion,A,Uneven expansion creates stress. Option D is incorrect as all materials expand.,Thermal Stress in Materials,Hard,Physics,Thermodynamics
Steam at 100°C causes worse burns than boiling water because steam has:,Higher kinetic energy per molecule,Greater latent heat of vaporization,Higher pressure at atmospheric conditions,Lower specific heat capacity,B,Latent heat releases additional energy. Option A ignores phase change energy.,Phase Change Energy Transfer,Medium,Physics,Thermodynamics
Refrigerators transfer heat from cold to hot compartments by:,Converting mechanical work into heat transfer,Violating the second law of thermodynamics,Using a perfect Carnot cycle,Absorbing heat through conduction alone,A,Work input enables heat transfer against gradient. Option C is incorrect as real cycles aren't perfect.,Refrigeration Principles,Hard,Physics,Thermodynamics
A thermos flask minimizes heat loss via three mechanisms except:,Vacuum insulation,Silvered walls,Convective air circulation,Double-walled structure,C,Vacuum blocks convection. Option C is intentionally incorrect as a distractor.,Heat Transfer Minimization,Easy,Physics,Thermodynamics
"During winter, metal door handles feel colder than wooden ones because metal has:",Higher thermal conductivity,Lower specific heat capacity,Greater heat absorption,Higher emissivity,A,Metal conducts heat away from skin faster. Option B confuses temperature perception with capacity.,Thermal Sensation in Materials,Medium,Physics,Thermodynamics
The efficiency of a Carnot engine operating between 500 K and 300 K is:,20%,40%,60%,80%,B,Efficiency = 1 - (Tc/Th) = 1 - 300/500 = 40%. Option A uses reversed temperatures.,Carnot Engine Calculations,Hard,Physics,Thermodynamics
"When a gas expands adiabatically, its temperature decreases because:",It does work without heat exchange,Surroundings transfer cold energy,Molecules collide less frequently,Pressure increases during expansion,A,Work done reduces internal energy. Option B violates the first law.,Adiabatic Processes,Medium,Physics,Thermodynamics
A mercury thermometer works due to the principle of:,Thermal expansion of solids,Evaporation of mercury,Convection currents,Latent heat absorption,A,Mercury expands predictably with temperature. Option B misrepresents physical state.,Medical Thermometry,Easy,Physics,Thermodynamics
A bicycle pump gets hot when inflating a tire because:,"Work done compresses air, increasing internal energy",Rubber absorbs heat from the environment,Air molecules condense during compression,Friction between pump walls generates heat,A,Compression work raises temperature. Option D overestimates frictional effects.,Work and Heat in Gases,Medium,Physics,Thermodynamics
The 'greenhouse effect' warms Earth primarily by trapping:,Infrared radiation from the surface,Solar ultraviolet radiation,Convective heat transfer,Visible light in the atmosphere,A,Greenhouse gases absorb outgoing infrared. Option B reverses radiation direction.,Atmospheric Heat Retention,Medium,Physics,Thermodynamics
An internal combustion engine's Otto cycle includes which thermodynamic process?,Isochoric heat addition,Isentropic expansion,Isothermal compression,Adiabatic heat rejection,A,Fuel combustion occurs at constant volume. Option B describes a turbine process.,Engine Cycles,Hard,Physics,Thermodynamics
A cup of tea cools fastest when placed on a:,Ceramic mat,Metal tray,Plastic coaster,Wooden table,B,Metal's high conductivity enhances radiation. Option A slows cooling.,Cooling Rates in Different Materials,Medium,Physics,Thermodynamics
The first law of thermodynamics is essentially a statement of:,Energy conservation,Entropy increase,Heat transfer direction,Work efficiency limits,A,Energy cannot be created or destroyed. Option B describes the second law.,Laws of Thermodynamics,Easy,Physics,Thermodynamics
A steam turbine converts thermal energy to mechanical energy by:,Allowing steam to expand adiabatically,Compressing steam isothermally,Forcing phase change to liquid,Absorbing latent heat of fusion,A,Adiabatic expansion produces work. Option B is the reverse of power generation.,Energy Conversion in Power Plants,Hard,Physics,Thermodynamics
"In a heat pump, COP (Coefficient of Performance) is defined as:",Heat removed divided by work input,Work input divided by heat expelled,Temperature difference divided by work,Heat expelled divided by heat removed,A,COP measures efficiency of heat transfer. Option D confuses heat ratios.,Heating and Cooling Efficiency,Medium,Physics,Thermodynamics
A diesel engine achieves higher efficiency than a petrol engine primarily because:,It operates at higher compression ratios,Diesel fuel has higher calorific value,It uses a closed cycle process,Exhaust gas recirculation is mandatory,A,Higher compression improves thermodynamic efficiency. Option B is irrelevant to cycle efficiency.,Engine Efficiency Factors,Hard,Physics,Thermodynamics
The 'dead weight' gauge on steam boilers prevents explosions by:,Releasing excess pressure,Measuring boiler temperature,Detecting fuel leaks,Maintaining water level,A,Pressure relief prevents over-pressurization. Option D addresses a different safety need.,Engineering Safety Systems,Easy,Physics,Thermodynamics
"When ice cubes melt in a drink, the entropy of the system:",Increases as water forms,Decreases due to heat loss,Remains constant at equilibrium,Is zero for pure water,A,Melting increases disorder. Option B ignores entropy of surroundings.,Entropy in Daily Processes,Hard,Physics,Thermodynamics
A diesel engine achieves higher efficiency than a petrol engine primarily due to which thermodynamic process?,Isothermal compression,Adiabatic compression,Isobaric expansion,Isochoric heating,B,Adiabatic compression increases temperature without heat loss. Isothermal compression maintains constant temperature.,Thermodynamic Processes,Medium,Physics,Thermodynamics
A thermos flask minimizes heat transfer by which combination of mechanisms?,Conduction and convection,Convection and radiation,Conduction and radiation,"Radiation, conduction, and convection",C,Vacuum prevents conduction and convection. Silvered walls reflect radiation. Radiation alone remains.,Heat Transfer Mechanisms,Hard,Physics,Thermodynamics
"When a gas expands adiabatically in a bicycle pump, why does its temperature drop?",Heat is released to the environment,Work is done by the gas without heat exchange,Molecules collide more frequently,Pressure increases rapidly,B,Adiabatic expansion cools gas by doing work. Heat exchange is forbidden in adiabatic processes.,Adiabatic Processes,Medium,Physics,Thermodynamics
A pressure cooker reduces cooking time because it:,Increases boiling point of water,Decreases vapor pressure,Reduces atmospheric pressure,Increases thermal conductivity of food,A,Higher pressure raises boiling point. Lower pressure would decrease boiling point.,Applications of Phase Changes,Easy,Physics,Thermodynamics
A Carnot engine operating between 300 K and 600 K has maximum theoretical efficiency of:,25%,50%,75%,100%,B,"Efficiency = 1 - Tc/Th = 1 - 300/600 = 0.5. Absolute zero is impossible, so 100% is invalid.",Carnot Cycle,Hard,Physics,Thermodynamics
Human sweating cools the body because of:,Latent heat of vaporization,Specific heat of skin,Radiative heat loss,Conductive heat transfer,A,Vaporization absorbs heat from skin. Conduction/radiation are secondary mechanisms.,Heat Transfer in Biology,Easy,Physics,Thermodynamics
Why is water used in car radiators despite its high specific heat capacity?,It freezes easily,It absorbs large heat without temperature rise,It has low thermal conductivity,It expands upon freezing,B,High specific heat stores more heat. Freezing/thermal conductivity are unrelated here.,Specific Heat Capacity,Medium,Physics,Thermodynamics
A refrigerator's cooling effect violates the second law of thermodynamics because:,Heat flows from cold to hot reservoir,Work input is required,Entropy decreases in the system,It operates in cycles,A,Work input allows heat transfer against gradient. Entropy increase occurs in surroundings.,Second Law Applications,Hard,Physics,Thermodynamics
Expansion joints in bridges prevent structural damage by addressing:,Linear thermal expansion,Volume expansion of concrete,Anomalous expansion of water,Thermal stress relaxation,A,Linear expansion causes length changes. Volume expansion is secondary in solids.,Thermal Expansion,Medium,Physics,Thermodynamics
A steam engine's power output is limited by:,High thermal conductivity of piston,Low specific heat of water,Second law efficiency limits,Pressure of atmospheric air,C,Maximum efficiency is Carnot limit. Material properties are secondary factors.,Heat Engines,Medium,Physics,Thermodynamics
A thermoelectric generator converts heat energy into electricity using:,Seebeck effect,Peltier effect,Thomson effect,Joule heating,A,Seebeck effect generates voltage from temperature difference. Others relate to heat pumping.,Thermoelectric Effects,Easy,Physics,Thermodynamics
Why does a metal spoon feel colder than a wooden spoon in winter?,Metal has higher specific heat,Metal conducts heat away faster,Wood has higher emissivity,Metal reflects more radiation,B,Higher thermal conductivity removes body heat faster. Specific heat is irrelevant here.,Thermal Conductivity,Medium,Physics,Thermodynamics
A gas undergoing free expansion in a vacuum experiences:,Increase in temperature,Decrease in internal energy,No temperature change,Increase in entropy,D,"Free expansion is irreversible. Work is zero, so internal energy and temperature remain constant.",Entropy and Irreversible Processes,Hard,Physics,Thermodynamics
Solar water heaters use which thermodynamic principle for heat transfer?,Radiative heating only,Conductive heating through glass,Convection currents in fluid,Black body radiation absorption,D,Black surfaces absorb more radiation. Convection/conduction are secondary effects.,Applications of Radiation,Medium,Physics,Thermodynamics
An air conditioner transfers heat from a cooler room to hotter outside air by:,Violating the first law,Using work input per second law,Exploiting latent heat,Reducing entropy of the universe,B,Work input enables reverse heat flow. Entropy of the universe always increases.,Heat Pumps and Refrigerators,Hard,Physics,Thermodynamics
The latent heat of vaporization explains why:,Steam burns are more severe than boiling water,Ice cubes cool drinks faster,Metals expand when heated,Pressure cookers reduce cooking time,A,Steam releases latent heat at skin. Expansion/cooling relate to other properties.,Latent Heat,Easy,Physics,Thermodynamics
A thermos flask's vacuum layer primarily prevents heat loss through:,Radiation,Conduction,Convection,Both B and C,D,Vacuum stops conduction and convection. Radiation is blocked by reflective surfaces.,Heat Transfer Minimization,Medium,Physics,Thermodynamics
A gas cylinder's pressure increases on a hot day due to:,Increase in kinetic energy of molecules,Expansion of the metal cylinder,Condensation of gas molecules,Increase in intermolecular forces,A,Temperature increases kinetic energy. Expansion/condensation are unrelated here.,Gas Laws,Easy,Physics,Thermodynamics
Which process is used in MRI machines to cool superconducting magnets?,Adiabatic demagnetization,Joule-Thomson expansion,Laser cooling,Radiative cooling,A,Adiabatic demagnetization removes entropy. Other methods are less effective at low temps.,Advanced Cooling Techniques,Hard,Physics,Thermodynamics
The greenhouse effect warms Earth's surface by:,Trapping outgoing infrared radiation,Absorbing solar ultraviolet light,Reflecting incoming solar radiation,Increasing atmospheric pressure,A,Greenhouse gases block infrared. Reflection/absorption of UV is unrelated to warming.,Environmental Thermodynamics,Medium,Physics,Thermodynamics
The coefficient of performance of a refrigerator is defined as the ratio of heat removed from the cold body to the,Work done on the system,Heat added to the hot body,Change in internal energy,Change in entropy,A,Work done is the energy input.,Refrigeration,Easy,Physics,Thermodynamics
Which of the following statements about the internal energy of an ideal gas is true?,It depends on the volume of the gas,It depends on the pressure of the gas,It depends on the temperature of the gas,It depends on the humidity of the gas,C,Ideal gas internal energy depends on temperature.,Internal Energy,Easy,Physics,Thermodynamics
The heat capacity of a substance is defined as the amount of heat required to raise the temperature of the substance by,1 Kelvin,1 degree Celsius,1 degree Fahrenheit,1 joule,B,Heat capacity is defined per degree Celsius.,Heat Capacity,Easy,Physics,Thermodynamics
The specific heat capacity of water is approximately,0.5 J/g°C,1 J/g°C,2 J/g°C,4.2 J/g°C,D,Water has high specific heat capacity.,Specific Heat Capacity,Easy,Physics,Thermodynamics
The latent heat of fusion of a substance is the amount of heat required to,Raise the temperature of the substance by 1 degree Celsius,Change the state of the substance from solid to liquid,Change the state of the substance from liquid to gas,Change the pressure of the substance,B,Latent heat of fusion is for solid-liquid change.,Latent Heat,Easy,Physics,Thermodynamics
The entropy change of a system is defined as the amount of heat transferred to the system in a,Reversible process,Irreversible process,Isothermal process,Adiabatic process,A,Entropy change is defined for reversible process.,Entropy,Easy,Physics,Thermodynamics
A heat engine operates on the principle of converting,Mechanical energy into thermal energy,Thermal energy into mechanical energy,Electrical energy into thermal energy,Chemical energy into thermal energy,B,Heat engine converts heat to work.,Heat Engines,Easy,Physics,Thermodynamics
The efficiency of a heat engine is defined as the ratio of the,Work done by the engine to the heat input,Heat input to the work done by the engine,Work done by the engine to the heat output,Heat output to the work done by the engine,A,Efficiency is work output over heat input.,Heat Engines,Easy,Physics,Thermodynamics
"A Carnot heat engine operates between two temperatures, T1 and T2, and has an efficiency of",1 - (T1/T2),1 - (T2/T1),(T1/T2),(T2/T1),B,Carnot efficiency is 1 - (T2/T1).,Carnot Cycle,Medium,Physics,Thermodynamics
The change in internal energy of a system is equal to the heat added to the system minus the,Work done by the system,Work done on the system,Change in entropy,Change in volume,A,Internal energy change is heat - work.,First Law of Thermodynamics,Medium,Physics,Thermodynamics
A refrigerator with a coefficient of performance of 4 can transfer 400 J of heat from the cold body for every,100 J of work done,200 J of work done,400 J of work done,800 J of work done,A,COP is heat transferred per unit work.,Refrigeration,Hard,Physics,Thermodynamics
The entropy change of a system during a reversible adiabatic process is,Positive,Negative,Zero,Undefined,C,Reversible adiabatic process has zero entropy change.,Entropy,Hard,Physics,Thermodynamics
The efficiency of a Carnot heat engine operating between 500 K and 300 K is,0.4,0.6,0.8,0.2,B,Carnot efficiency is 1 - (T2/T1).,Carnot Cycle,Hard,Physics,Thermodynamics
A heat engine with an efficiency of 0.3 can convert 300 J of heat into,90 J of work,100 J of work,200 J of work,300 J of work,A,Efficiency is work output over heat input.,Heat Engines,Hard,Physics,Thermodynamics
A car engine is more efficient at high temperatures. True or False?,True,False,Depends on the engine type,Not applicable,B,The second law of thermodynamics states that efficiency decreases with increasing temperature.,Heat Engines,Easy,Physics,Thermodynamics
A 16-year-old athlete feels muscle fatigue during a sprint. Which process is responsible for the rapid ATP production in this situation?,Anaerobic glycolysis,Aerobic respiration,Fermentation,Photosynthesis,A,"Anaerobic glycolysis is a rapid process that occurs without oxygen, producing lactic acid and ATP.",Energy Yield from Food,Medium,Physics,Thermodynamics
A refrigerator uses 100 W of electrical power to transfer 50 J of heat per second from the cold compartment to the hot compartment. What is the coefficient of performance (COP) of the refrigerator?,0.5,1,2,5,A,The COP of a refrigerator is calculated as the ratio of heat transferred to electrical power consumed.,Refrigeration,Medium,Physics,Thermodynamics
A 10 kg block of copper is heated from 20°C to 80°C. What is the change in entropy of the block?,200 J/K,400 J/K,600 J/K,800 J/K,A,"The change in entropy is calculated using the formula ΔS = mc ln(T2/T1), where m is the mass, c is the specific heat capacity, and T is the temperature.",Entropy,Hard,Physics,Thermodynamics
"A Carnot engine operates between two temperatures, 300 K and 400 K. What is the maximum efficiency of the engine?",0.25,0.333,0.5,0.6,C,"The maximum efficiency of a Carnot engine is given by the formula η = 1 - (Tc/Th), where η is the efficiency, Tc is the cold temperature, and Th is the hot temperature.",Heat Engines,Hard,Physics,Thermodynamics
A 16-year-old athlete drinks a cold beverage after a hot summer workout. What is the thermodynamic process involved in the cooling of the beverage?,Evaporation,Condensation,Latent heat transfer,Adiabatic process,C,"Latent heat transfer occurs when the heat energy is transferred from the cold beverage to the surrounding air, causing the beverage to cool down.",Heat Transfer,Medium,Physics,Thermodynamics
A car engine is more efficient at low temperatures. True or False?,True,False,Depends on the engine type,Not applicable,B,The second law of thermodynamics states that efficiency increases with decreasing temperature.,Heat Engines,Easy,Physics,Thermodynamics
A 10 kg block of water is frozen at 0°C. What is the change in entropy of the block?,200 J/K,400 J/K,600 J/K,800 J/K,A,"The change in entropy is calculated using the formula ΔS = mc ln(T2/T1), where m is the mass, c is the specific heat capacity, and T is the temperature.",Entropy,Hard,Physics,Thermodynamics
"A Carnot refrigerator operates between two temperatures, 250 K and 300 K. What is the minimum coefficient of performance (COP) of the refrigerator?",0.5,1,2,3,C,"The minimum COP of a Carnot refrigerator is given by the formula COP = Th/(Th - Tc), where COP is the coefficient of performance, Th is the hot temperature, and Tc is the cold temperature.",Refrigeration,Hard,Physics,Thermodynamics
A 16-year-old athlete drinks a hot beverage after a cold winter workout. What is the thermodynamic process involved in the warming of the beverage?,Evaporation,Condensation,Latent heat transfer,Adiabatic process,C,"Latent heat transfer occurs when the heat energy is transferred from the surrounding air to the hot beverage, causing the beverage to warm up.",Heat Transfer,Medium,Physics,Thermodynamics
A car engine is less efficient at high temperatures. True or False?,True,False,Depends on the engine type,Not applicable,B,The second law of thermodynamics states that efficiency increases with increasing temperature.,Heat Engines,Easy,Physics,Thermodynamics
A 10 kg block of copper is heated from 20°C to 80°C. What is the energy transferred to the block?,200 J,400 J,600 J,800 J,B,"The energy transferred is calculated using the formula Q = mcΔT, where Q is the energy, m is the mass, c is the specific heat capacity, and ΔT is the change in temperature.",Heat Transfer,Medium,Physics,Thermodynamics
"A cyclist rides up a steep hill, and her body temperature increases. What thermodynamic process occurs in her muscles?",Isothermal compression,Adiabatic expansion,Isobaric heat transfer,Polytropic process with γ = 1.4,C,"Isobaric heat transfer occurs in her muscles as she generates heat during exercise, while the other options are not relevant to this scenario.",Heat Transfer,Medium,Physics,Thermodynamics
A refrigerator's compressor uses a refrigerant with a high latent heat of vaporization. What does this imply about its thermodynamic efficiency?,High coefficient of performance,Low compressor power,High Carnot efficiency,Low heat transfer rate,A,"The high latent heat of vaporization implies that the compressor requires less power to transfer heat, increasing its coefficient of performance.",Refrigeration and Liquefaction,Hard,Physics,Thermodynamics
"A car engine operates on a four-stroke cycle, and its exhaust gases are released to the atmosphere. What thermodynamic process occurs during the power stroke?",Isentropic expansion,Adiabatic compression,Isobaric heat transfer,Polytropic process with γ = 1.67,A,"The power stroke involves isentropic expansion as the piston moves outward, while the other options are not relevant to this scenario.",Internal Combustion Engines,Medium,Physics,Thermodynamics
A person is submerged in a hot tub at 40°C. What process would occur if they were to suddenly be submerged in an ice bath at 0°C?,Heat transfer at constant temperature,Isochoric heat transfer,Adiabatic expansion,Polytropic process with γ = 1.4,A,"The person's body would rapidly transfer heat at constant temperature to the surroundings, while the other options are not relevant to this scenario.",Heat Transfer,Hard,Physics,Thermodynamics
A gas sample is compressed isothermally in a cylinder. What happens to its internal energy?,Increases,Decreases,Remains constant,Increases and then decreases,C,"The internal energy of an ideal gas remains constant during isothermal compression, as the temperature and volume change in opposition.",Gases and Compressed Fluids,Easy,Physics,Thermodynamics
A refrigerator's evaporator is designed to operate at a low temperature. What is the thermodynamic benefit of this design?,Increased heat transfer rate,Decreased compressor power,Improved Carnot efficiency,Enhanced refrigerant flow,C,"Operating the evaporator at a low temperature improves the Carnot efficiency of the refrigerator, making it more efficient.",Refrigeration and Liquefaction,Hard,Physics,Thermodynamics
A car engine's combustion chamber is designed to operate at high temperatures. What thermodynamic process occurs during the power stroke?,Isentropic expansion,Adiabatic compression,Isobaric heat transfer,Polytropic process with γ = 1.67,D,"The power stroke involves a polytropic process with γ = 1.67, as the hot gases expand rapidly and drive the piston outward.",Internal Combustion Engines,Medium,Physics,Thermodynamics
A thermos flask is designed to keep liquids at a constant temperature. What thermodynamic process occurs when you add a hot liquid to the flask?,Heat transfer at constant temperature,Isochoric heat transfer,Adiabatic expansion,Polytropic process with γ = 1.4,A,"The hot liquid transfers heat at constant temperature to the surroundings, while the other options are not relevant to this scenario.",Heat Transfer,Medium,Physics,Thermodynamics
A gas sample is expanded adiabatically in a cylinder. What happens to its internal energy?,Increases,Decreases,Remains constant,Increases and then decreases,B,"The internal energy of an ideal gas decreases during adiabatic expansion, as the temperature and volume change in opposition.",Gases and Compressed Fluids,Easy,Physics,Thermodynamics
A water heater operates on a thermodynamic cycle. What is the thermodynamic benefit of using a high temperature rise?,Increased heat transfer rate,Decreased energy consumption,Improved Carnot efficiency,Enhanced heat storage capacity,C,"Using a high temperature rise improves the Carnot efficiency of the water heater, making it more efficient.",Heat Pumps and Refrigeration,Hard,Physics,Thermodynamics
A car engine's exhaust gases are released to the atmosphere. What thermodynamic process occurs during the exhaust stroke?,Isentropic expansion,Adiabatic compression,Isobaric heat transfer,Polytropic process with γ = 1.67,B,"The exhaust stroke involves adiabatic compression as the piston moves inward, while the other options are not relevant to this scenario.",Internal Combustion Engines,Medium,Physics,Thermodynamics
A gas sample is compressed isothermally in a cylinder. What happens to its volume?,Increases,Decreases,Remains constant,Increases and then decreases,B,"The volume of an ideal gas decreases during isothermal compression, as the temperature and volume change in opposition.",Gases and Compressed Fluids,Easy,Physics,Thermodynamics
"A car engine operates on a four-stroke cycle, and its combustion chamber is designed to operate at high temperatures. What thermodynamic process occurs during the power stroke?",Isentropic expansion,Adiabatic compression,Isobaric heat transfer,Polytropic process with γ = 1.67,D,"The power stroke involves a polytropic process with γ = 1.67, as the hot gases expand rapidly and drive the piston outward.",Internal Combustion Engines,Medium,Physics,Thermodynamics
A refrigerator is an example of a heat pump that transfers heat from the cold interior to the hot exterior. This process is an example of what thermodynamic principle?,Zeroth law of thermodynamics,First law of thermodynamics,Second law of thermodynamics,Third law of thermodynamics,C,"The second law of thermodynamics states that heat naturally flows from hot to cold, but a refrigerator is an exception to this rule.",Thermodynamic laws,Medium,Physics,Thermodynamics
"According to the kinetic theory of gases, which of the following properties of a gas molecule is responsible for its pressure on the container walls?",Molecular size,Frequency of collisions,Velocity of collisions,Direction of collisions,B,Frequent collisions result in higher pressure on the container walls.,Kinetic theory of gases,Easy,Physics,Thermodynamics
"In a Carnot cycle, what is the purpose of the isothermal expansion process?",Heat absorption from the surroundings,Heat rejection to the surroundings,Expansion against a constant external pressure,Compression of the gas,C,"During isothermal expansion, the gas expands against a constant external pressure, allowing for a more efficient heat transfer.",Efficiency of heat engines,Medium,Physics,Thermodynamics
A 100 g ice cube floats in a cup of water at 298 K. Which thermodynamic property is responsible for the ice cube remaining in a solid state?,Latent heat of fusion,Specific heat capacity of ice,Enthalpy of fusion,Entropy of the system,A,The latent heat of fusion allows the ice cube to remain in a solid state without a change in temperature.,Phase changes,Medium,Physics,Thermodynamics
A gas is compressed to half its original volume. What happens to its entropy?,Increases,Decreases,Remains the same,Increases by 50%,B,"The gas becomes more ordered when compressed, resulting in a decrease in entropy.",Entropy,Hard,Physics,Thermodynamics
A steam engine uses a mixture of steam and water to generate power. Which thermodynamic principle is involved in the operation of this engine?,Zeroth law of thermodynamics,First law of thermodynamics,Second law of thermodynamics,Third law of thermodynamics,B,"The first law of thermodynamics states that energy cannot be created or destroyed, but it can be converted from one form to another.",Thermodynamic laws,Medium,Physics,Thermodynamics
A heat exchanger is used to transfer heat from a hot gas to a cold liquid. Which thermodynamic principle is involved in this process?,Zeroth law of thermodynamics,First law of thermodynamics,Second law of thermodynamics,Third law of thermodynamics,C,"The second law of thermodynamics states that heat naturally flows from hot to cold, which is the principle behind a heat exchanger.",Thermodynamic laws,Medium,Physics,Thermodynamics
A gas is heated from 300 K to 400 K in a constant-pressure process. What happens to its volume?,Increases by 20%,Increases by 33%,Increases by 50%,Remains the same,B,"The gas expands when heated at constant pressure, resulting in a 33% increase in volume.",Gas laws,Hard,Physics,Thermodynamics
A gas is expanded isothermally from 1 atm to 0.5 atm. What happens to its entropy?,Increases by 20%,Increases by 33%,Increases by 50%,Remains the same,A,"The gas expands when cooled, resulting in an increase in entropy.",Entropy,Hard,Physics,Thermodynamics
A Carnot cycle is an idealized thermodynamic cycle that has an efficiency of 50%. Which of the following is true about the Carnot cycle?,It is reversible,It is irreversible,It is isothermal,It is adiabatic,A,"The Carnot cycle is a reversible cycle, meaning it can be reversed to produce work from the surroundings.",Efficiency of heat engines,Medium,Physics,Thermodynamics
A gas is cooled from 400 K to 300 K in a constant-volume process. What happens to its entropy?,Increases by 20%,Increases by 33%,Increases by 50%,Remains the same,A,"The gas becomes more ordered when cooled, resulting in an increase in entropy.",Entropy,Hard,Physics,Thermodynamics
A heat engine is designed to operate between two reservoirs at 500 K and 300 K. Which of the following is true about the heat engine?,It is a Carnot cycle,It is a Brayton cycle,It is an Otto cycle,It is an irreversible cycle,A,The Carnot cycle is an idealized cycle that operates between two reservoirs with the maximum possible efficiency.,Efficiency of heat engines,Medium,Physics,Thermodynamics
A gas is compressed isothermally from 1 atm to 2 atm. What happens to its entropy?,Increases by 20%,Increases by 33%,Increases by 50%,Remains the same,D,"The gas becomes more ordered when compressed, resulting in no change in entropy.",Entropy,Hard,Physics,Thermodynamics
A refrigerator is designed to transfer heat from the cold interior to the hot exterior. Which of the following is true about the refrigerator?,It is an example of a heat engine,It is an example of a heat pump,It is an example of a Carnot cycle,It is an irreversible cycle,B,A refrigerator is a heat pump that transfers heat from the cold interior to the hot exterior.,Thermodynamic laws,Medium,Physics,Thermodynamics
"During an exercise, a person's muscles rely on anaerobic respiration for rapid ATP production. What process is this type of respiration based on?",Endergonic,Exergonic,Spontaneous,Non-spontaneous,A,"Anaerobic respiration is based on endergonic chemical reactions, which require energy input to proceed, such as glycolysis.",Cellular Respiration,Medium,Physics,Thermodynamics
A refrigerator works by transferring heat energy from its interior to the surrounding environment. What type of process is this an example of?,Exothermic,Endothermic,Spontaneous,Non-spontaneous,B,"This process is an example of endothermic, requiring heat energy from the surroundings to cool the interior.",Thermal Energy Transfer,Easy,Physics,Thermodynamics
"In a car engine, a mixture of gasoline and air is ignited to produce a small explosion. What type of reaction occurs during this process?",Endothermic,Exothermic,Spontaneous,Non-spontaneous,B,"The combustion reaction is an exothermic reaction, releasing heat energy during the explosion.",Chemical Reactions,Medium,Physics,Thermodynamics
A person's body temperature is maintained within a narrow range despite changes in environmental temperature. What process helps maintain homeostasis?,Conduction,Convection,Radiation,Evaporation,B,Convection helps maintain homeostasis by transferring heat energy from the body to the surrounding environment.,Heat Transfer,Easy,Physics,Thermodynamics
The second law of thermodynamics states that the total entropy of an isolated system always increases over time. What does this imply?,Increasing order,Decreasing randomness,Increasing disorder,Decreasing energy,C,"The second law implies an increase in disorder or randomness, as energy becomes less organized over time.",Entropy,Hard,Physics,Thermodynamics
A heat engine operates by converting thermal energy into mechanical work. What efficiency does it typically achieve?,100%,50%,33%,20%,C,"A typical heat engine achieves an efficiency of about 33%, losing the remaining energy as waste heat.",Heat Engines,Medium,Physics,Thermodynamics
A person is injured and undergoes hypothermia due to heat loss. What process is occurring in their body?,Homeostasis,Thermogenesis,Heat loss,Evaporation,C,"Heat loss is occurring, causing the person's body temperature to drop.",Heat Transfer,Easy,Physics,Thermodynamics
The Carnot cycle is a theoretical thermodynamic cycle that represents the most efficient possible conversion of heat energy into work. What is its key characteristic?,Spontaneous,Reversible,Irreversible,Isothermal,B,"The Carnot cycle is reversible, meaning it can be reversed without any loss of energy.",Thermodynamic Cycles,Hard,Physics,Thermodynamics
A car engine operates by converting chemical energy from gasoline into mechanical work. What is the primary type of reaction occurring during this process?,Exothermic,Endothermic,Spontaneous,Non-spontaneous,A,"The combustion reaction is exothermic, releasing heat energy during the process.",Chemical Reactions,Easy,Physics,Thermodynamics
"The zeroth law of thermodynamics states that if two systems are in thermal equilibrium with a third system, they are also in thermal equilibrium with each other. What does this imply?",Increasing order,Decreasing randomness,Increasing temperature,Thermal equilibrium,D,"The zeroth law implies thermal equilibrium, meaning the systems are at the same temperature.",Thermal Equilibrium,Hard,Physics,Thermodynamics
A heat engine operates by converting thermal energy into mechanical work. What is the primary purpose of a heat engine?,To generate electricity,To produce mechanical work,To conserve energy,To reduce waste heat,B,The primary purpose of a heat engine is to convert thermal energy into mechanical work.,Heat Engines,Medium,Physics,Thermodynamics
A heat engine operates by converting thermal energy into mechanical work. What type of efficiency does it typically achieve?,100%,50%,33%,20%,C,"A typical heat engine achieves an efficiency of about 33%, losing the remaining energy as waste heat.",Heat Engines,Medium,Physics,Thermodynamics
A person is injured and undergoes hypothermia due to heat loss. What is the consequence of this process?,Increased temperature,Decreased temperature,Increased order,Increased randomness,B,"Heat loss causes the person's body temperature to drop, decreasing their body temperature.",Heat Transfer,Easy,Physics,Thermodynamics
A 20-year-old patient is experiencing a severe headache after a sudden temperature drop. What thermodynamic process is occurring in the patient's brain?,Endothermic reaction,Exothermic reaction,Isothermal process,Adeaic change,B,"Exothermic reaction is occurring due to increased metabolic rate in the brain while shivering, producing heat.",Applications of Thermodynamics in Physiology,Easy,Physics,Thermodynamics
"A new vaccine requires refrigeration at -20°C. If the storage room temperature rises to 30°C, how long does it take for the vaccine to degrade?",10 minutes,30 minutes,1 hour,2 hours,C,"The vaccine degrades quickly due to the temperature increase, and it takes around 1 hour for significant degradation to occur.",Applications of Thermodynamics in Pharmacy,Easy,Physics,Thermodynamics
A car engine's efficiency can be increased by using a higher compression ratio. What thermodynamic principle is being applied?,First Law of Thermodynamics,Second Law of Thermodynamics,Ideal Gas Law,Carnot's theorem,A,"The first law of thermodynamics applies, as the higher compression ratio increases the engine's internal energy and efficiency.",Applications of Thermodynamics in Engineering,Medium,Physics,Thermodynamics
A patient with a severe case of burns is treated with a topical cooling agent to reduce the temperature of the affected skin. What thermodynamic process is occurring?,Heat transfer,Phase transition,Chemical reaction,Thermal conduction,A,"The cooling agent is transferring heat away from the affected skin, which is an example of heat transfer.",Applications of Thermodynamics in Medicine,Medium,Physics,Thermodynamics
A heat engine is designed to run on a Carnot cycle. What is the maximum efficiency of the engine?,50%,66%,75%,100%,B,The maximum efficiency of the Carnot engine is 66% due to the reversible nature of the cycle.,Thermodynamic Cycles,Hard,Physics,Thermodynamics
A refrigerator is designed to transfer heat from a cold reservoir to a hot reservoir. Which thermodynamic principle is being applied?,First Law of Thermodynamics,Second Law of Thermodynamics,Carnot's theorem,Kelvin-Planck statement,B,"The second law of thermodynamics applies, as the refrigerator is transferring heat from a cold reservoir to a hot reservoir, increasing entropy.",Applications of Thermodynamics in Refrigeration,Hard,Physics,Thermodynamics
A patient is experiencing hypothermia after being submerged in icy water. What thermodynamic process is occurring in the patient's body?,Endothermic reaction,Exothermic reaction,Isothermal process,Adeaic change,B,"An exothermic reaction is occurring, as the patient's body is producing heat to maintain its internal temperature.",Applications of Thermodynamics in Physiology,Medium,Physics,Thermodynamics
A car engine's performance can be improved by using a higher efficiency fuel. What thermodynamic principle is being applied?,First Law of Thermodynamics,Second Law of Thermodynamics,Ideal Gas Law,Carnot's theorem,B,"The second law of thermodynamics applies, as the higher efficiency fuel reduces the entropy change and increases the engine's efficiency.",Applications of Thermodynamics in Engineering,Medium,Physics,Thermodynamics
A patient with a severe case of frostbite is treated with a warm compress to increase blood flow. What thermodynamic process is occurring?,Heat transfer,Phase transition,Chemical reaction,Thermal conduction,A,"The warm compress is transferring heat to the affected area, which is an example of heat transfer.",Applications of Thermodynamics in Medicine,Medium,Physics,Thermodynamics
A heat engine is designed to operate at maximum efficiency. What is the minimum temperature of the cold reservoir?,0°C,10°C,20°C,30°C,C,"The minimum temperature of the cold reservoir is absolute zero, but for the Carnot engine, it is equal to the temperature of the hot reservoir.",Thermodynamic Cycles,Hard,Physics,Thermodynamics
A refrigerator is designed to maintain a temperature of 0°C in the freezer compartment. What is the temperature of the hot reservoir?,5°C,10°C,15°C,20°C,B,The temperature of the hot reservoir is equal to the temperature of the freezer compartment plus a small amount due to the heat transfer.,Applications of Thermodynamics in Refrigeration,Medium,Physics,Thermodynamics
A patient is experiencing heat stroke after engaging in strenuous physical activity. What thermodynamic process is occurring in the patient's body?,Endothermic reaction,Exothermic reaction,Isothermal process,Adeaic change,B,"An exothermic reaction is occurring, as the patient's body is producing heat to maintain its internal temperature.",Applications of Thermodynamics in Physiology,Medium,Physics,Thermodynamics
A car engine's performance can be improved by using a higher compression ratio. What thermodynamic principle is being applied?,First Law of Thermodynamics,Second Law of Thermodynamics,Ideal Gas Law,Carnot's theorem,A,"The first law of thermodynamics applies, as the higher compression ratio increases the engine's internal energy and efficiency.",Applications of Thermodynamics in Engineering,Medium,Physics,Thermodynamics
A refrigerator is left open in a room at a temperature of 20°C. Which process occurs as the cold air inside mixes with the warmer air outside?,Isothermal expansion,Isochoric heating,Adiabatic cooling,Thermal conduction,B,"Isochoric heating occurs as the cold air inside the refrigerator mixes with the warmer air outside, increasing its temperature without changing its volume.",Thermal Expansion and Contraction,Easy,Physics,Thermodynamics
A gas is compressed in a container with a movable piston. What is the relationship between the internal pressure and the work done on the piston?,P ∝ W,P ∝ 1/W,P ∝ W^2,P = W/C,B,"The internal pressure of a gas is inversely proportional to the work done on the piston, according to Boyle's Law.",The Ideal Gas Law and Its Applications,Medium,Physics,Thermodynamics
"A thermos flask is filled with hot soup, and the lid is tightened. Which process occurs as the soup cools down?",Thermal conduction,Convection,Radiation,Latent heat transfer,C,"Radiation is the primary process that occurs as the soup cools down in a thermos flask, as it is a poor conductor of heat.",Heat Transfer,Easy,Physics,Thermodynamics
A car engine operates on a four-stroke cycle. What is the primary function of the intake stroke?,To compress the fuel-air mixture,To ignite the fuel-air mixture,To draw in the fuel-air mixture,To exhaust the waste gases,C,"The intake stroke draws in a fuel-air mixture into the cylinder, which is then compressed and ignited during the power stroke.",Engine Cycles,Medium,Physics,Thermodynamics
A gas is heated in a container with a movable piston. What is the relationship between the internal energy and the work done on the system?,ΔU ∝ W,ΔU ∝ 1/W,ΔU = W/C,ΔU = Q - W,D,"The change in internal energy of a gas is equal to the heat added to the system minus the work done on the system, according to the first law of thermodynamics.",The First Law of Thermodynamics,Hard,Physics,Thermodynamics
A 20°C day is considered warm. What is the relationship between the temperature and the kinetic energy of the molecules?,T ∝ KE,T ∝ 1/KE,T = KE/C,KE = kT,A,"The temperature of a substance is directly proportional to the average kinetic energy of its molecules, according to the kinetic theory of gases.",Thermal Energy and Temperature,Easy,Physics,Thermodynamics
A refrigeration cycle requires work to be done on the system to transfer heat from the cold body to the hot body. Which process occurs as the work is done on the system?,Isothermal compression,Isobaric expansion,Adiabatic cooling,Thermal conduction,A,"Isothermal compression occurs as work is done on the system to transfer heat from the cold body to the hot body, increasing its temperature without changing its volume.",Heat Transfer and Refrigeration,Medium,Physics,Thermodynamics
A heat engine operates between two temperatures. What is the efficiency of the engine?,η = W/Q_H,η = Q_H/W,η = 1 - W/Q_H,η = 1 - Q_H/W,A,"The efficiency of a heat engine is equal to the ratio of the work done to the heat input, according to the Carnot efficiency formula.",Heat Engines and Refrigeration,Medium,Physics,Thermodynamics
A refrigeration cycle requires heat to be rejected to the hot body. Which process occurs as the heat is rejected?,Isothermal expansion,Isobaric contraction,Adiabatic cooling,Thermal conduction,B,"Isobaric contraction occurs as heat is rejected to the hot body, decreasing its temperature without changing its pressure.",Heat Transfer and Refrigeration,Medium,Physics,Thermodynamics
A heat engine operates between two temperatures. What is the maximum possible efficiency?,η = 1,η = 0.5,η = 1 - (T_C/T_H),η = (T_H - T_C)/T_H,C,"The maximum possible efficiency of a heat engine is equal to 1 minus the ratio of the cold temperature to the hot temperature, according to the Carnot efficiency formula.",Heat Engines and Refrigeration,Hard,Physics,Thermodynamics
A gas is heated in a container with a fixed volume. What is the relationship between the internal energy and the temperature?,ΔU ∝ T,ΔU ∝ 1/T,ΔU = T/C,ΔU ∝ ΔT,D,"The change in internal energy of a gas is proportional to the change in temperature, according to the ideal gas law.",Thermal Energy and Temperature,Easy,Physics,Thermodynamics
"A heat engine is used to inflate a balloon. If the engine's efficiency is 30%, what percentage of the heat energy input is converted to work?",10%,20%,50%,40%,B,"30% efficiency means 30% of the heat energy is converted to work, so the correct answer is 20% because 30% of 100% is 30, which is 20% of 150%.",Introduction to Thermodynamics,Easy,Physics,Thermodynamics
A refrigerator is used to cool a hot cup of coffee. The coffee is initially at 95°C and the surroundings are at 20°C. How much heat energy is transferred from the coffee to the surroundings?,1500 J,2000 J,2500 J,3000 J,C,"Q = mcΔT, where Q is heat energy, m is mass, c is specific heat capacity, and ΔT is temperature change. Assuming m = 0.1 kg and c = 4186 J/kg°C, we can calculate the heat energy transferred.",Heat Transfer,Medium,Physics,Thermodynamics
"A gas is compressed in a cylinder. If the initial volume is 2 L and the final volume is 1 L, what is the ratio of the initial pressure to the final pressure?",0.5,1,2,3,C,"Using Boyle's law (P1V1 = P2V2), we can rearrange the equation to solve for the ratio of initial pressure to final pressure.",Gas Laws,Medium,Physics,Thermodynamics
A steam engine is used to generate electricity. The engine's efficiency is 25% and the heat energy input is 1000 kJ. How much work is done by the engine?,250 kJ,500 kJ,750 kJ,1000 kJ,A,"Using the equation for efficiency (η = W/Q), we can solve for the work done by the engine.",Heat Engines,Hard,Physics,Thermodynamics
"A thermos flask is used to keep coffee hot for a long time. If the coffee is initially at 80°C and the surroundings are at 20°C, how much heat energy is lost by the coffee per second?",10 J/s,50 J/s,100 J/s,200 J/s,C,"Using the equation for heat transfer (Q = kAΔT), we can calculate the heat energy lost per second.",Heat Transfer,Hard,Physics,Thermodynamics
"A gas is heated in a container. If the initial volume is 5 L and the final volume is 10 L, what is the ratio of the final pressure to the initial pressure?",0.25,0.5,1,2,C,"Using Boyle's law (P1V1 = P2V2), we can rearrange the equation to solve for the ratio of final pressure to initial pressure.",Gas Laws,Easy,Physics,Thermodynamics
"A gas is compressed in a cylinder. If the initial volume is 3 L and the final volume is 1 L, what is the ratio of the initial temperature to the final temperature?",0.25,0.5,1,2,B,"Using Charles' law (V1/T1 = V2/T2), we can rearrange the equation to solve for the ratio of initial temperature to final temperature.",Gas Laws,Medium,Physics,Thermodynamics
A heat engine is used to generate electricity. The engine's efficiency is 20% and the heat energy input is 1200 kJ. How much heat energy is rejected to the surroundings?,600 kJ,800 kJ,1000 kJ,1200 kJ,B,"Using the equation for efficiency (η = W/Q), we can solve for the heat energy rejected to the surroundings.",Heat Engines,Hard,Physics,Thermodynamics
"A gas is heated in a container. If the initial volume is 4 L and the final volume is 8 L, what is the ratio of the initial pressure to the final pressure?",0.25,0.5,1,2,B,"Using Boyle's law (P1V1 = P2V2), we can rearrange the equation to solve for the ratio of initial pressure to final pressure.",Gas Laws,Easy,Physics,Thermodynamics
A heat engine is used to generate electricity. The engine's efficiency is 25% and the heat energy input is 1500 kJ. How much work is done by the engine?,375 kJ,500 kJ,625 kJ,750 kJ,C,"Using the equation for efficiency (η = W/Q), we can solve for the work done by the engine.",Heat Engines,Medium,Physics,Thermodynamics
"A gas is heated in a container. If the initial volume is 6 L and the final volume is 12 L, what is the ratio of the final pressure to the initial pressure?",0.25,0.5,1,2,B,"Using Boyle's law (P1V1 = P2V2), we can rearrange the equation to solve for the ratio of final pressure to initial pressure.",Gas Laws,Easy,Physics,Thermodynamics
"A gas is compressed in a cylinder. If the initial volume is 5 L and the final volume is 2 L, what is the ratio of the initial pressure to the final pressure?",0.25,0.5,1,2,B,"Using Boyle's law (P1V1 = P2V2), we can rearrange the equation to solve for the ratio of initial pressure to final pressure.",Gas Laws,Medium,Physics,Thermodynamics
A 16-year-old athlete feels muscle fatigue during a sprint. Which energy conversion process is primarily responsible for rapid ATP production in this situation?,Electrochemical ATP production,Thermogenesis through brown adipose tissue,Mechanical ATP production via muscle contraction,Photophosphorylation in chloroplasts,C,"Mechanical ATP production via muscle contraction is primarily responsible for rapid ATP production during muscle fatigue, not electrochemical ATP production.",Energy Conversion Processes,Medium,Physics,Thermodynamics
A refrigerator's cooling mechanism involves which type of heat transfer?,Thermal radiation,Conduction heat transfer,Convection heat transfer,Heat transfer via osmosis,B,"Refrigerators primarily use conduction heat transfer to cool the interior, not thermal radiation.",Heat Transfer Processes,Easy,Physics,Thermodynamics
What is the primary change in the Gibbs free energy (ΔG) of a system during endothermic processes?,ΔG decreases,ΔG remains unchanged,ΔG increases,ΔG becomes negative,D,"During endothermic processes, ΔG becomes negative as it is an indication of spontaneity.",Thermodynamic Potentials,Easy,Physics,Thermodynamics
A person is placed in a pressure chamber and the pressure is increased. What will happen to their metabolic rate?,Increase,Decrease,Remain unchanged,First increase then decrease,A,Increased pressure can lead to increased metabolic rate due to the higher oxygen requirement.,High-Pressure Effects,Medium,Physics,Thermodynamics
"A gas is compressed in a cylinder, causing it to expand rapidly. What type of thermodynamic process is occurring?",Adiabatic expansion,Isothermal expansion,Isobaric expansion,Constant volume expansion,C,"The expansion occurs at constant pressure, making it isobaric expansion, not adiabatic expansion.",Thermodynamic Processes,Hard,Physics,Thermodynamics
A person is exposed to a hot environment and their body temperature increases. What thermodynamic principle is responsible for this?,Zeroth Law of Thermodynamics,First Law of Thermodynamics,Second Law of Thermodynamics,Third Law of Thermodynamics,A,"The zeroth Law of Thermodynamics allows us to compare temperatures, which is responsible for the increase in body temperature.",Zeroth Law of Thermodynamics,Easy,Physics,Thermodynamics
A refrigerator's cooling mechanism involves which type of thermodynamic cycle?,Vapor-compression cycle,Absorption cycle,Expansion cycle,Combination of vapor-compression and absorption cycles,A,The vapor-compression cycle is the primary cooling mechanism used in most refrigerators.,Thermodynamic Cycles,Medium,Physics,Thermodynamics
A person is placed in a vacuum chamber and the pressure is reduced. What will happen to their metabolic rate?,Increase,Decrease,Remain unchanged,First decrease then increase,B,Reduced pressure can lead to decreased metabolic rate due to the lower oxygen requirement.,Low-Pressure Effects,Medium,Physics,Thermodynamics
A gas is heated and its volume increases. What type of thermodynamic process is occurring?,Isobaric process,Isothermal process,Adiabatic process,Constant volume process,A,"The volume increase occurs at constant pressure, making it isobaric process, not adiabatic process.",Thermodynamic Processes,Hard,Physics,Thermodynamics
A thermos flask is filled with hot coffee and sealed. What thermodynamic principle helps maintain the coffee's temperature?,Zeroth Law of Thermodynamics,First Law of Thermodynamics,Second Law of Thermodynamics,Third Law of Thermodynamics,C,The second Law of Thermodynamics helps maintain the coffee's temperature by minimizing heat transfer.,Second Law of Thermodynamics,Easy,Physics,Thermodynamics
A person is exposed to a cold environment and their body temperature decreases. What thermodynamic principle is responsible for this?,Zeroth Law of Thermodynamics,First Law of Thermodynamics,Second Law of Thermodynamics,Third Law of Thermodynamics,C,The second Law of Thermodynamics helps explain the decrease in body temperature due to heat transfer.,Second Law of Thermodynamics,Easy,Physics,Thermodynamics
A refrigerator's cooling mechanism involves which type of heat transfer across a temperature difference?,Thermal radiation,Conduction heat transfer,Convection heat transfer,Heat transfer via osmosis,C,"Refrigerators primarily use convection heat transfer to cool the interior, not thermal radiation.",Heat Transfer Processes,Medium,Physics,Thermodynamics
A thermodynamic system is in equilibrium at a temperature of 300 K. What is the direction of heat flow?,Heat flows from hot to cold,Heat flows from cold to hot,Heat flows from the system to the surroundings,Heat flows from the surroundings to the system,A,"Heat flows from hot to cold, which is the direction of heat flow in thermodynamic equilibrium.",Zeroth Law of Thermodynamics,Easy,Physics,Thermodynamics
A gas is expanded adiabatically and its temperature increases. What type of thermodynamic process is occurring?,Isobaric process,Isothermal process,Adiabatic process,Constant volume process,C,"The temperature increase occurs during an adiabatic process, not isobaric process.",Thermodynamic Processes,Hard,Physics,Thermodynamics
