Question,Option_a,Option_b,Option_c,Option_d,Correct_answer,Explanation,Target_exam,Question_type,Difficulty,Subject,Topic
"Identify the odd one out: A) Square, B) Circle, C) Triangle, D) Rectangle",Square,Circle,Triangle,Rectangle,B,"All options except Circle are polygons, hence Circle is the odd one out due to having no sides or angles.",NET,Conceptual,Medium,Intelligence,Odd One Out
"Which one is odd: A) 2, B) 4, C) 6, D) 9",2,4,6,9,D,"All numbers except 9 are even, making 9 the odd one out due to being odd.",NET,Conceptual,Medium,Intelligence,Odd One Out
"Find the odd one: A) 1 / 2, B) 2 / 4, C) 3 / 6, D) 3 / 5", 1 / 2, 2 / 4, 3 / 6, 3 / 5,D,"All fractions except 3 / 5 simplify to 1 / 2, making 3 / 5 the odd one due to not simplifying to 1 / 2.",NET,Conceptual,Medium,Intelligence,Odd One Out
"Identify the odd term: A) Mercury, B) Venus, C) Earth, D) Jupiter",Mercury,Venus,Earth,Jupiter,D,"Mercury, Venus, and Earth are inner planets and relatively small, whereas Jupiter is a gas giant, making it the odd one.",NET,Conceptual,Medium,Intelligence,Odd One Out
"Odd one out: A) Apple, B) Banana, C) Mango, D) Chair",Apple,Banana,Mango,Chair,D,"Apple, Banana, and Mango are fruits, while Chair is a piece of furniture, making it the odd one out.",NET,Conceptual,Medium,Intelligence,Odd One Out
"Which is the odd number: A) 7, B) 11, C) 13, D) 15",7,11,13,15,D,"7, 11, and 13 are prime numbers, while 15 is not prime (divisible by 3 and 5), making it the odd one.",NET,Conceptual,Medium,Intelligence,Odd One Out
"Identify the odd shape: A) Pentagon, B) Hexagon, C) Heptagon, D) Square",Pentagon,Hexagon,Heptagon,Square,D,"Pentagon, Hexagon, and Heptagon have 5, 6, and 7 sides respectively, all more than 4, whereas Square has 4 sides, making it the odd one.",NET,Conceptual,Medium,Intelligence,Odd One Out
"Odd one out: A) Dog, B) Cat, C) Mouse, D) Car",Dog,Cat,Mouse,Car,D,"Dog, Cat, and Mouse are animals, while Car is a vehicle, making it the odd one out.",NET,Conceptual,Medium,Intelligence,Odd One Out
"Find the odd term: A) 2², B) 3², C) 4², D) 2³",2²,3²,4²,2³,D,"2², 3², and 4² are squares of numbers, while 2³ is a cube, making it the odd one due to different exponent.",NET,Conceptual,Medium,Intelligence,Odd One Out
"Identify the odd one: A) πr², B) 2πr, C) 4/3πr³, D) √π",πr²,2πr,4/3πr³,√π,D,"πr², 2πr, and 4/3πr³ are formulas related to circle or sphere, while √π is not a formula, making it the odd one.",NET,Conceptual,Medium,Intelligence,Odd One Out
"Odd one out: A) Football, B) Basketball, C) Tennis, D) Piano",Football,Basketball,Tennis,Piano,D,"Football, Basketball, and Tennis are sports, while Piano is a musical instrument, making it the odd one out.",NET,Conceptual,Medium,Intelligence,Odd One Out
"Which is odd: A) 10, B) 20, C) 30, D) 27",10,20,30,27,D,"10, 20, and 30 are multiples of 10, while 27 is not, making 27 the odd one out.",NET,Conceptual,Medium,Intelligence,Odd One Out
"Identify the odd shape: A) Rhombus, B) Trapezoid, C) Parallelogram, D) Circle",Rhombus,Trapezoid,Parallelogram,Circle,D,"Rhombus, Trapezoid, and Parallelogram are quadrilaterals, while Circle is not a polygon, making it the odd one.",NET,Conceptual,Medium,Intelligence,Odd One Out
"Odd one out: A) Book, B) Magazine, C) Newspaper, D) Chair",Book,Magazine,Newspaper,Chair,D,"Book, Magazine, and Newspaper are reading materials, while Chair is furniture, making it the odd one out.",NET,Conceptual,Medium,Intelligence,Odd One Out
"Find the odd term: A) January, B) March, C) May, D) February",January,March,May,February,D,"January, March, and May have 31 days, while February has 28 or 29 days, making it the odd one.",NET,Conceptual,Medium,Intelligence,Odd One Out
"Identify the odd number: A) 4, B) 9, C) 16, D) 25",4,9,16,25,A,"9, 16, and 25 are odd squares, while 4 is an even square, making it the odd one due to being even.",NET,Conceptual,Medium,Intelligence,Odd One Out
"Odd one out: A) Guitar, B) Violin, C) Drums, D) Microphone",Guitar,Violin,Drums,Microphone,D,"Guitar, Violin, and Drums are musical instruments, while Microphone is used for sound amplification, making it the odd one.",NET,Conceptual,Medium,Intelligence,Odd One Out
"Which is the odd one: A) Red, B) Blue, C) Green, D) Square",Red,Blue,Green,Square,D,"Red, Blue, and Green are colors, while Square is a shape, making it the odd one out.",NET,Conceptual,Medium,Intelligence,Odd One Out
"Identify the odd term: A) ∫x dx, B) ∫x² dx, C) ∫x³ dx, D) √x",∫x dx,∫x² dx,∫x³ dx,√x,D,"∫x dx, ∫x² dx, and ∫x³ dx are integrals, while √x is not an integral but a root, making it the odd one.",NET,Conceptual,Medium,Intelligence,Odd One Out
"Odd one out: A) Python, B) Java, C) C++, D) Table",Python,Java,C++,Table,D,"Python, Java, and C++ are programming languages, while Table is a piece of furniture, making it the odd one out.",NET,Conceptual,Medium,Intelligence,Odd One Out
"Identify the odd one out: 2, 4, 6, 9",2,4,6,9,D,"The numbers 2, 4, 6 are even, while 9 is odd, making it the odd one out.",ECAT,Conceptual,Medium,Intelligence,Odd One Out
"Identify the odd one out: 1 / 2, 1 / 4, 3 / 4, 2 / 3", 1 / 2, 1 / 4, 3 / 4, 2 / 3,D,"1 / 2, 1 / 4, 3 / 4 have denominators that are powers of 2, while 2 / 3 has a denominator that is not.",ECAT,Conceptual,Medium,Intelligence,Odd One Out
"Identify the odd one out: √2, √3, √4, √5",√2,√3,√4,√5,C,"√4 = 2 is a whole number, while the others are irrational.",ECAT,Conceptual,Medium,Intelligence,Odd One Out
"Identify the odd one out: 3, 5, 7, 11, 13, 15",3,5,7,15,D,All numbers except 15 are prime numbers.,ECAT,Conceptual,Medium,Intelligence,Odd One Out
"Identify the odd one out: 16, 25, 36, 49, 64, 81",16,25,36,49,C,All numbers except 36 are odd squares or 4².,ECAT,Conceptual,Medium,Intelligence,Odd One Out
"Identify the odd one out: 1, 2, 4, 8, 16, 32, 65",1,2,4,65,D,The sequence is a powers-of-2 sequence except for 65.,ECAT,Conceptual,Medium,Intelligence,Odd One Out
"Identify the odd one out: 2³, 3³, 4³, 5³, 6²",2³,3³,4³,6²,D,All numbers except 6² are perfect cubes.,ECAT,Conceptual,Medium,Intelligence,Odd One Out
"Identify the odd one out: 12, 24, 36, 49, 60",12,24,36,49,D,All numbers except 49 are multiples of 12.,ECAT,Conceptual,Medium,Intelligence,Odd One Out
"Identify the odd one out: 8, 27, 64, 125, 216, 343, 512, 729, 1000",8,27,64,1000,D,All numbers except 1000 = 10³ are perfect cubes of numbers less than 10.,ECAT,Conceptual,Medium,Intelligence,Odd One Out
"Identify the odd one out: 1, 4, 9, 16, 25, 36, 49, 50",1,4,9,50,D,All numbers except 50 are perfect squares.,ECAT,Conceptual,Medium,Intelligence,Odd One Out
"Identify the odd one out: 3, 6, 9, 12, 15, 20",3,6,9,20,D,All numbers except 20 are multiples of 3.,ECAT,Conceptual,Medium,Intelligence,Odd One Out
"Identify the odd one out: 7, 14, 21, 28, 35, 42, 50",7,14,21,50,D,All numbers except 50 are multiples of 7.,ECAT,Conceptual,Medium,Intelligence,Odd One Out
"Identify the odd one out: π, e, √2, 3",π,e,√2,3,D,"π, e, √2 are irrational numbers, 3 is a rational number.",ECAT,Conceptual,Medium,Intelligence,Odd One Out
"Identify the odd one out: 9, 16, 25, 36, 49, 64, 81, 100, 121, 144, 169, 200",9,16,25,200,D,All numbers except 200 are perfect squares.,ECAT,Conceptual,Medium,Intelligence,Odd One Out
"Identify the odd one out: 2, 3, 5, 7, 11, 13, 17, 20",2,3,5,20,D,All numbers except 20 are prime numbers.,ECAT,Conceptual,Medium,Intelligence,Odd One Out
"Identify the odd one out: ∫x dx, ∫x² dx, ∫x³ dx, ∫sin(x) dx",∫x dx,∫x² dx,∫x³ dx,∫sin(x) dx,D,"∫x dx, ∫x² dx, ∫x³ dx are integrals of polynomial functions, ∫sin(x) dx is integral of trigonometric function.",ECAT,Conceptual,Medium,Intelligence,Odd One Out
"Identify the odd one out: 2 × 3, 3 × 4, 4 × 5, 5 + 6",2 × 3,3 × 4,4 × 5,5 + 6,D,"The first three are products, while the last is a sum.",ECAT,Conceptual,Medium,Intelligence,Odd One Out
"Identify the odd one out: 1 + 1, 2 + 2, 3 + 3, 4 + 5",1 + 1,2 + 2,3 + 3,4 + 5,D,"The first three are doubles, while the last is not.",ECAT,Conceptual,Medium,Intelligence,Odd One Out
"Identify the odd one out: 4, 9, 16, 25, 36, 48",4,9,16,48,D,"The numbers 4, 9, 16, 25, 36 are perfect squares, 48 is not.",ECAT,Conceptual,Medium,Intelligence,Odd One Out
"Identify the odd one out: 1, 8, 27, 64, 125, 216, 343, 512, 729, 1001",1,8,27,1001,D,"The numbers 1, 8, 27, 64, 125, 216, 343, 512, 729 are perfect cubes, 1001 is not.",ECAT,Conceptual,Medium,Intelligence,Odd One Out
"Identify the odd one out: A) 2/3, B) 3/5, C) 5/7, D) 7/9", 2/3, 3/5, 5/7, 7/9,D,"All other fractions have a difference of 1/  between numerator and denominator, except 7/9 which has 2/9.",GIKI_PIEAS,Conceptual,Medium,Intelligence,Odd One Out
"Which is the odd one: A) 16, B) 27, C) 32, D) 125",16,27,32,125,A,"All other numbers are perfect powers of primes or integers (27 = 3³, 32 = 2⁵, 125 = 5³), 16 is 2⁴.",GIKI_PIEAS,Conceptual,Medium,Intelligence,Odd One Out
"Odd one out: A) 2, B) 4, C) 6, D) 9",2,4,6,9,D,"All other numbers are even, 9 is odd.",GIKI_PIEAS,Conceptual,Medium,Intelligence,Odd One Out
"Identify the odd one: A) 1 / 2, B) 2 / 3, C) 3 / 4, D) 5 / 6", 1 / 2, 2 / 3, 3 / 4, 5 / 6,A,"All other fractions have a numerator one less than the denominator, 1/2 doesn't fit the pattern.",GIKI_PIEAS,Conceptual,Medium,Intelligence,Odd One Out
"Odd one: A) 4, B) 9, C) 16, D) 25",4,9,16,25,A,"All numbers are perfect squares, but 4 = 2², others are odd squares.",GIKI_PIEAS,Conceptual,Medium,Intelligence,Odd One Out
"Identify odd one: A) 3, B) 5, C) 7, D) 9",3,5,7,9,D,"All other numbers are prime, 9 is composite.",GIKI_PIEAS,Conceptual,Medium,Intelligence,Odd One Out
"Odd one: A) 12, B) 15, C) 18, D) 23",12,15,18,23,D,"All other numbers are divisible by 3, 23 is not.",GIKI_PIEAS,Conceptual,Medium,Intelligence,Odd One Out
"Identify the odd: A) 8, B) 27, C) 64, D) 100",8,27,64,100,D,"All other numbers are perfect powers (8 = 2³, 27 = 3³, 64 = 4³ or 2⁶, 8 = 2³), 100 is 10².",GIKI_PIEAS,Conceptual,Medium,Intelligence,Odd One Out
"Odd one out: A) 11, B) 13, C) 15, D) 17",11,13,15,17,C,"All other numbers are prime, 15 is composite.",GIKI_PIEAS,Conceptual,Medium,Intelligence,Odd One Out
"Identify the odd one: A) 24, B) 36, C) 48, D) 53",24,36,48,53,D,"All other numbers are divisible by 12 or have common factors, 53 is prime.",GIKI_PIEAS,Conceptual,Medium,Intelligence,Odd One Out
"Odd one: A) 20, B) 30, C) 40, D) 53",20,30,40,53,D,"All other numbers are divisible by 10, 53 is not.",GIKI_PIEAS,Conceptual,Medium,Intelligence,Odd One Out
"Identify the odd: A) 7, B) 11, C) 13, D) 15",7,11,13,15,D,"All other numbers are prime, 15 is composite.",GIKI_PIEAS,Conceptual,Medium,Intelligence,Odd One Out
"Odd one out: A) 6, B) 8, C) 10, D) 13",6,8,10,13,D,"All other numbers are even, 13 is odd.",GIKI_PIEAS,Conceptual,Medium,Intelligence,Odd One Out
"Identify the odd: A) 14, B) 21, C) 28, D) 30",14,21,28,30,B,"All other numbers are divisible by 2 and other numbers, 21 is only divisible by 3 and 7.",GIKI_PIEAS,Conceptual,Medium,Intelligence,Odd One Out
"Odd one: A) 18, B) 24, C) 30, D) 37",18,24,30,37,D,"All other numbers are composite, 37 is prime.",GIKI_PIEAS,Conceptual,Medium,Intelligence,Odd One Out
"Identify the odd one out: A) 25, B) 36, C) 49, D) 53",25,36,49,53,D,"All other numbers are perfect squares, 53 is prime.",GIKI_PIEAS,Conceptual,Medium,Intelligence,Odd One Out
"Odd one: A) 4, B) 9, C) 16, D) 20",4,9,16,20,D,"All other numbers are perfect squares, 20 is not.",GIKI_PIEAS,Conceptual,Medium,Intelligence,Odd One Out
"Identify the odd: A) 10, B) 12, C) 14, D) 17",10,12,14,17,D,"All other numbers are even, 17 is odd.",GIKI_PIEAS,Conceptual,Medium,Intelligence,Odd One Out
"Odd one out: A) 22, B) 33, C) 44, D) 55",22,33,44,55,B,"All other numbers are divisible by 11 and have repeating digits, 33 is divisible by 3 and 11.",GIKI_PIEAS,Conceptual,Medium,Intelligence,Odd One Out
"Identify the odd one: A) 3, B) 6, C) 9, D) 10",3,6,9,10,D,"All other numbers are divisible by 3, 10 is not.",GIKI_PIEAS,Conceptual,Medium,Intelligence,Odd One Out
"Identify the odd one out: A) Circle, B) Rectangle, C) Triangle, D) Pyramid",Circle,Rectangle,Triangle,Pyramid,D,"Pyramid is a 3D shape, while the others are 2D shapes.",LUMS_SAT,Conceptual,Medium,Intelligence,Odd One Out
"Which one is the odd one out: A) 2, B) 4, C) 6, D) 9",2,4,6,9,D,All numbers except 9 are even.,LUMS_SAT,Conceptual,Medium,Intelligence,Odd One Out
"Identify the odd one out: A) 1 / 2, B) 2 / 4, C) 3 / 6, D) 4 / 7", 1 / 2, 2 / 4, 3 / 6, 4 / 7,D,All fractions except 4 / 7 simplify to 1 / 2.,LUMS_SAT,Conceptual,Medium,Intelligence,Odd One Out
"Odd one out: A) Mercury, B) Venus, C) Earth, D) Jupiter",Mercury,Venus,Earth,Jupiter,D,"Jupiter is a gas giant, while the others are terrestrial planets.",LUMS_SAT,Conceptual,Medium,Intelligence,Odd One Out
"Identify the odd one out: A) √4, B) 2², C) 4 / 1, D) π",√4,2², 4 / 1,π,D,"All options except π are equal to 2 or 4, and π is an irrational number.",LUMS_SAT,Conceptual,Medium,Intelligence,Odd One Out
"Which one is odd: A) Red, B) Blue, C) Green, D) Black",Red,Blue,Green,Black,C,"Red, Blue, and Black are primary or achromatic colors, while Green is a secondary color.",LUMS_SAT,Conceptual,Medium,Intelligence,Odd One Out
"Odd one out: A) 3, B) 5, C) 7, D) 9",3,5,7,9,D,All numbers except 9 are prime.,LUMS_SAT,Conceptual,Medium,Intelligence,Odd One Out
"Identify the odd one: A) Football, B) Basketball, C) Tennis, D) Cricket",Football,Basketball,Tennis,Cricket,C,"Tennis is played with a racket, while the others are team sports played with a ball.",LUMS_SAT,Conceptual,Medium,Intelligence,Odd One Out
"Odd one out: A) ∫x dx, B) d/dx (x²), C) x² + 3, D) x³ / 3",∫x dx,d/dx (x²),x² + 3,x³ / 3,C,"Options A, B, and D involve calculus operations, while C is a simple algebraic expression.",LUMS_SAT,Conceptual,Medium,Intelligence,Odd One Out
"Identify the odd one: A) 12, B) 24, C) 36, D) 25",12,24,36,25,D,All numbers except 25 are divisible by 12.,LUMS_SAT,Conceptual,Medium,Intelligence,Odd One Out
"Odd one out: A) 8, B) 27, C) 64, D) 100",8,27,64,100,D,"8, 27, and 64 are perfect cubes, while 100 is a perfect square.",LUMS_SAT,Conceptual,Medium,Intelligence,Odd One Out
"Identify the odd one: A) Oxygen, B) Nitrogen, C) Carbon, D) Helium",Oxygen,Nitrogen,Carbon,Helium,C,"Oxygen, Nitrogen, and Helium are elements that are gases at room temperature, while Carbon is a solid.",LUMS_SAT,Conceptual,Medium,Intelligence,Odd One Out
"Odd one out: A) 1, B) 2, C) 4, D) 8",1,2,4,8,A,All numbers except 1 are powers of 2.,LUMS_SAT,Conceptual,Medium,Intelligence,Odd One Out
"Identify the odd one: A) Square, B) Rhombus, C) Rectangle, D) Pentagon",Square,Rhombus,Rectangle,Pentagon,D,"Square, Rhombus, and Rectangle are quadrilaterals, while Pentagon is a five-sided polygon.",LUMS_SAT,Conceptual,Medium,Intelligence,Odd One Out
"Odd one out: A) 6, B) 12, C) 18, D) 20",6,12,18,20,D,All numbers except 20 are divisible by 6.,LUMS_SAT,Conceptual,Medium,Intelligence,Odd One Out
"Identify the odd one: A) 1 + 1, B) 2 * 1, C) 3 - 1, D) 4 / 2",1 + 1,2 * 1,3 - 1, 4 / 2,A,All expressions except 1 + 1 equal 2.,LUMS_SAT,Conceptual,Medium,Intelligence,Odd One Out
"Odd one out: A) 16, B) 25, C) 36, D) 49",16,25,36,49,A,"25, 36, and 49 are squares of odd numbers, while 16 is a square of an even number.",LUMS_SAT,Conceptual,Medium,Intelligence,Odd One Out
"Identify the odd one: A) 11, B) 13, C) 17, D) 15",11,13,17,15,D,All numbers except 15 are prime.,LUMS_SAT,Conceptual,Medium,Intelligence,Odd One Out
"Odd one out: A) 2³, B) 3², C) 4², D) 5²",2³,3²,4²,5²,A,All expressions except 2³ are squares.,LUMS_SAT,Conceptual,Medium,Intelligence,Odd One Out
"Identify the odd one: A) 90, B) 180, C) 270, D) 360",90,180,270,360,D,All angles except 360 are not full rotations.,LUMS_SAT,Conceptual,Medium,Intelligence,Odd One Out
"Identify the odd one out: A) Rectangle, B) Square, C) Triangle, D) Circle",Rectangle,Square,Triangle,Circle,C,"All shapes except Triangle are quadrilaterals or circular, Triangle is a polygon with 3 sides.",NET,Conceptual,Medium,Intelligence,Odd One Out
"Identify the odd: A) 1 / 2, B) 2 / 4, C) 3 / 6, D) 3 / 4", 1 / 2, 2 / 4, 3 / 6, 3 / 4,D,"Fractions A, B, and C simplify to 1/2, D simplifies to 3/4, different from others.",NET,Conceptual,Medium,Intelligence,Odd One Out
"Odd one: A) Firefox, B) Chrome, C) Safari, D) Photoshop",Firefox,Chrome,Safari,Photoshop,D,"Firefox, Chrome, and Safari are web browsers, Photoshop is a graphics editing software.",NET,Conceptual,Medium,Intelligence,Odd One Out
"Odd: A) 12, B) 24, C) 36, D) 50",12,24,36,50,D,"Numbers A, B, and C are multiples of 12, D is not.",NET,Conceptual,Medium,Intelligence,Odd One Out
"Identify odd: A) Monday, B) Tuesday, C) Wednesday, D) January",Monday,Tuesday,Wednesday,January,D,"Monday, Tuesday, and Wednesday are days of the week, January is a month.",NET,Conceptual,Medium,Intelligence,Odd One Out
"Odd one: A) ∫x dx, B) ∫x² dx, C) ∫sin(x) dx, D) 2 + 2",∫x dx,∫x² dx,∫sin(x) dx,2 + 2,D,"Options A, B, and C are integrals, D is a simple arithmetic operation.",NET,Conceptual,Medium,Intelligence,Odd One Out
"Identify odd: A) Pen, B) Pencil, C) Eraser, D) Chair",Pen,Pencil,Eraser,Chair,D,"Pen, Pencil, and Eraser are stationery items, Chair is a piece of furniture.",NET,Conceptual,Medium,Intelligence,Odd One Out
"Odd: A) 5, B) 7, C) 11, D) 9",5,7,11,9,D,"Numbers A, B, and C are prime, D is composite (3 * 3).",NET,Conceptual,Medium,Intelligence,Odd One Out
"Odd one out: A) Car, B) Bus, C) Train, D) Bicycle",Car,Bus,Train,Bicycle,D,"Car, Bus, and Train are motorized vehicles, Bicycle is human-powered.",NET,Conceptual,Medium,Intelligence,Odd One Out
"Identify the odd: A) Book, B) Magazine, C) Journal, D) Chair",Book,Magazine,Journal,Chair,D,"Book, Magazine, and Journal are reading materials, Chair is furniture.",NET,Conceptual,Medium,Intelligence,Odd One Out
"Odd: A) √4, B) √9, C) √16, D) √3",√4,√9,√16,√3,D,"√4, √9, and √16 are integers, √3 is an irrational number.",NET,Conceptual,Medium,Intelligence,Odd One Out
"Odd one: A) Red, B) Blue, C) Green, D) Square",Red,Blue,Green,Square,D,"Red, Blue, and Green are colors, Square is a shape.",NET,Conceptual,Medium,Intelligence,Odd One Out
"Odd: A) 10, B) 20, C) 30, D) 23",10,20,30,23,D,"Numbers A, B, and C are multiples of 10, D is not.",NET,Conceptual,Medium,Intelligence,Odd One Out
"Odd one: A) Python, B) Java, C) C++, D) HTML",Python,Java,C++,HTML,D,"Python, Java, and C++ are programming languages, HTML is a markup language.",NET,Conceptual,Medium,Intelligence,Odd One Out
"Identify odd: A) 3 * 4, B) 6 * 2, C) 2 * 6, D) 5 + 7",3 * 4,6 * 2,2 * 6,5 + 7,D,"A, B, and C are multiplication operations equaling 12, D is addition.",NET,Conceptual,Medium,Intelligence,Odd One Out
"Odd: A) Football, B) Basketball, C) Tennis, D) Piano",Football,Basketball,Tennis,Piano,D,"Football, Basketball, and Tennis are sports, Piano is a musical instrument.",NET,Conceptual,Medium,Intelligence,Odd One Out
"Odd one out: A) π, B) e, C) √2, D) 4",π,e,√2,4,D,"π, e, and √2 are irrational numbers, 4 is a rational number.",NET,Conceptual,Medium,Intelligence,Odd One Out
"Which one is different: 1 / 2, 1 / 4, 3 / 4, 2 / 3", 1 / 2, 1 / 4, 3 / 4, 2 / 3,D,"All other fractions have a denominator that is a power of 2 or a simple fraction with 4, except 2 / 3.",ECAT,Conceptual,Medium,Intelligence,Odd One Out
"Find the odd one: √4, √9, √16, √20",√4,√9,√16,√20,D,"The square roots of 4, 9, and 16 are integers, while √20 is not a perfect square.",ECAT,Conceptual,Medium,Intelligence,Odd One Out
"Identify the odd one out: 3², 4², 5², 7",3²,4²,5²,7,D,"The other three options are squares of consecutive integers starting from 3, while 7 is not a square.",ECAT,Conceptual,Medium,Intelligence,Odd One Out
"Which number is different: 12, 24, 36, 49",12,24,36,49,D,"The numbers 12, 24, and 36 are multiples of 12, while 49 is not.",ECAT,Conceptual,Medium,Intelligence,Odd One Out
"Find the odd one: 8, 27, 64, 100",8,27,64,100,D,"8, 27, and 64 are perfect cubes (2³, 3³, 4³), while 100 is a perfect square but not a cube.",ECAT,Conceptual,Medium,Intelligence,Odd One Out
"Identify the odd one: 2³, 3³, 4³, 5²",2³,3³,4³,5²,D,"The first three options are cubes, while 5² is a square, not a cube.",ECAT,Conceptual,Medium,Intelligence,Odd One Out
"Which is different: 16, 25, 36, 48",16,25,36,48,D,"16, 25, and 36 are perfect squares, while 48 is not.",ECAT,Conceptual,Medium,Intelligence,Odd One Out
"Find the odd one: 3, 5, 7, 9",3,5,7,9,D,"The numbers 3, 5, and 7 are prime, while 9 is not prime.",ECAT,Conceptual,Medium,Intelligence,Odd One Out
"Identify the odd one out: 11, 13, 15, 17",11,13,15,17,C,"The numbers 11, 13, and 17 are prime, while 15 is not prime.",ECAT,Conceptual,Medium,Intelligence,Odd One Out
"Which is different: 4, 9, 16, 23",4,9,16,23,D,"The numbers 4, 9, and 16 are perfect squares, while 23 is not.",ECAT,Conceptual,Medium,Intelligence,Odd One Out
"Find the odd one: 2 * 3, 3 * 4, 4 * 5, 6",2 * 3,3 * 4,4 * 5,6,D,"The first three options are products of consecutive numbers, while 6 is just a number.",ECAT,Conceptual,Medium,Intelligence,Odd One Out
"Which number is different: 6, 12, 18, 25",6,12,18,25,D,"The numbers 6, 12, and 18 are multiples of 6, while 25 is not.",ECAT,Conceptual,Medium,Intelligence,Odd One Out
"Find the odd one: 1, 4, 9, 16, 20",1,4,9,20,D,"The numbers 1, 4, 9, and 16 are perfect squares, while 20 is not.",ECAT,Conceptual,Medium,Intelligence,Odd One Out
"Identify the odd one: 2, 4, 8, 10",2,4,8,10,D,"The numbers 2, 4, and 8 are powers of 2, while 10 is not.",ECAT,Conceptual,Medium,Intelligence,Odd One Out
"Which one is odd: 9, 16, 25, 30",9,16,25,30,D,"The numbers 9, 16, and 25 are perfect squares, while 30 is not.",ECAT,Conceptual,Medium,Intelligence,Odd One Out
"Find the odd one out: 3, 6, 9, 11",3,6,9,11,D,"The numbers 3, 6, and 9 are multiples of 3, while 11 is not.",ECAT,Conceptual,Medium,Intelligence,Odd One Out
"Identify the odd one: 1 / 3, 1 / 5, 1 / 7, 1 / 4", 1 / 3, 1 / 5, 1 / 7, 1 / 4,D,"The first three fractions have odd denominators, while 1 / 4 has an even denominator.",ECAT,Conceptual,Medium,Intelligence,Odd One Out
"Which is different: 8, 15, 24, 35",8,15,24,35,A,"The numbers can be represented as a sequence where the differences between consecutive terms increase by a certain pattern, 8 breaks this pattern.",ECAT,Conceptual,Medium,Intelligence,Odd One Out
"Identify the odd one out: A) Square, B) Rectangle, C) Rhombus, D) Circle",Square,Rectangle,Rhombus,Circle,D,"All options except Circle are quadrilaterals with straight edges, while Circle is a curved shape.",GIKI_PIEAS,Conceptual,Medium,Intelligence,Odd One Out
"Find the odd one out: A) 2, B) 4, C) 6, D) 9",2,4,6,9,D,"All numbers except 9 are even, following the formula 2n where n = 1, 2, 3.",GIKI_PIEAS,Conceptual,Medium,Intelligence,Odd One Out
"Find the odd one out: A) πr², B) 2πr, C) 4πr², D) πr³",πr²,2πr,4πr²,πr³,D,"πr² and 4πr² are area formulas, 2πr is circumference, while πr³ is a volume formula, not a surface area or circumference.",GIKI_PIEAS,Conceptual,Medium,Intelligence,Odd One Out
"Identify the odd one out: A) 3, B) 5, C) 7, D) 9",3,5,7,9,D,"All numbers except 9 are prime, as they have exactly two distinct positive divisors: 1 and themselves.",GIKI_PIEAS,Conceptual,Medium,Intelligence,Odd One Out
"Odd one out: A) 1, B) 8, C) 27, D) 64",1,8,27,64,A,"All numbers except 1 are perfect cubes of integers greater than 1: 2³ = 8, 3³ = 27, 4³ = 64.",GIKI_PIEAS,Conceptual,Medium,Intelligence,Odd One Out
"Find the odd one out: A) Red, B) Blue, C) Green, D) Black",Red,Blue,Green,Black,D,"Red, Blue, and Green are primary or secondary colors, while Black is the absence of color or a shade.",GIKI_PIEAS,Conceptual,Medium,Intelligence,Odd One Out
"Identify the odd one out: A) Football, B) Basketball, C) Tennis, D) Swimming",Football,Basketball,Tennis,Swimming,D,"Football, Basketball, and Tennis are team or racquet sports played on land, while Swimming is an aquatic sport.",GIKI_PIEAS,Conceptual,Medium,Intelligence,Odd One Out
"Odd one out: A) 12, B) 24, C) 36, D) 49",12,24,36,49,D,"All numbers except 49 are divisible by 12, following the formula 12n where n = 1, 2, 3.",GIKI_PIEAS,Conceptual,Medium,Intelligence,Odd One Out
"Find the odd one out: A) ∫x² dx, B) ∫x³ dx, C) ∫sin(x) dx, D) ∫e^x dx",∫x² dx,∫x³ dx,∫sin(x) dx,∫e^x dx,C,"∫x² dx, ∫x³ dx, and ∫e^x dx are integrals of basic functions resulting in polynomial or exponential functions, while ∫sin(x) dx results in a trigonometric function.",GIKI_PIEAS,Conceptual,Medium,Intelligence,Odd One Out
"Identify the odd one out: A) log(x), B) ln(x), C) sin(x), D) e^x",log(x),ln(x),sin(x),e^x,C,"log(x), ln(x), and e^x are related to exponential or logarithmic functions, while sin(x) is a trigonometric function.",GIKI_PIEAS,Conceptual,Medium,Intelligence,Odd One Out
"Odd one out: A) 1 + 1, B) 2 + 2, C) 3 + 3, D) 1 + 2",1 + 1,2 + 2,3 + 3,1 + 2,D,"All expressions except 1 + 2 follow the pattern n + n where n is an integer, resulting in 2n.",GIKI_PIEAS,Conceptual,Medium,Intelligence,Odd One Out
"Find the odd one out: A) √4, B) √9, C) √16, D) √20",√4,√9,√16,√20,D,"√4, √9, and √16 are perfect squares of integers (2, 3, 4), while √20 is not a perfect square.",GIKI_PIEAS,Conceptual,Medium,Intelligence,Odd One Out
"Identify the odd one out: A) 2 × 3, B) 3 × 4, C) 4 × 5, D) 2 + 3",2 × 3,3 × 4,4 × 5,2 + 3,D,"All expressions except 2 + 3 are multiplication operations, while 2 + 3 is an addition operation.",GIKI_PIEAS,Conceptual,Medium,Intelligence,Odd One Out
"Odd one out: A) 6, B) 28, C) 496, D) 25",6,28,496,25,D,"6, 28, and 496 are perfect numbers, while 25 is not, as it doesn't equal the sum of its proper divisors.",GIKI_PIEAS,Conceptual,Medium,Intelligence,Odd One Out
"Find the odd one out: A) 11, B) 13, C) 17, D) 15",11,13,17,15,D,"11, 13, and 17 are prime numbers, while 15 is composite, having divisors other than 1 and itself.",GIKI_PIEAS,Conceptual,Medium,Intelligence,Odd One Out
"Identify the odd one out: A) 2³, B) 3³, C) 4³, D) 2 × 3",2³,3³,4³,2 × 3,D,"2³, 3³, and 4³ are cube operations, while 2 × 3 is a multiplication operation, not a power.",GIKI_PIEAS,Conceptual,Medium,Intelligence,Odd One Out
"Odd one out: A) 4, B) 9, C) 16, D) 20",4,9,16,20,D,"4, 9, and 16 are perfect squares (2², 3², 4²), while 20 is not a perfect square.",GIKI_PIEAS,Conceptual,Medium,Intelligence,Odd One Out
"Find the odd one out: A) 7 - 3, B) 11 - 7, C) 15 - 11, D) 8 - 4",7 - 3,11 - 7,15 - 11,8 - 4,D,"7 - 3, 11 - 7, and 15 - 11 all equal 4, while 8 - 4 equals 4, but the pattern is consecutive prime numbers, and 8, 4 are not primes.",GIKI_PIEAS,Conceptual,Medium,Intelligence,Odd One Out
"Identify the odd one out: A) Mercury, B) Venus, C) Earth, D) Jupiter",Mercury,Venus,Earth,Jupiter,C,"The other three planets are not the only terrestrial planet, Earth is the only known habitable planet among the given options.",LUMS_SAT,Conceptual,Medium,Intelligence,Odd One Out
"Select the odd one out: A) Red, B) Blue, C) Green, D) Black",Red,Blue,Green,Black,D,"Red, Blue, and Green are primary or secondary colors in the RGB color model, while Black is the absence of color.",LUMS_SAT,Conceptual,Medium,Intelligence,Odd One Out
"Identify the odd one out: A) 1 / 2, B) 2 / 4, C) 3 / 6, D) 4 / 5", 1 / 2, 2 / 4, 3 / 6, 4 / 5,D,"The fractions 1 / 2, 2 / 4, 3 / 6 simplify to 1 / 2, while 4 / 5 is a different value.",LUMS_SAT,Conceptual,Medium,Intelligence,Odd One Out
"Which is the odd one out: A) ∫x dx, B) ∫x² dx, C) ∫x³ dx, D) x²",∫x dx,∫x² dx,∫x³ dx,x²,D,"The other three options are integrals, while x² is a simple algebraic expression, not an integral.",LUMS_SAT,Conceptual,Medium,Intelligence,Odd One Out
"Select the odd one out: A) 7, B) 11, C) 13, D) 15",7,11,13,15,D,"The numbers 7, 11, 13 are prime, while 15 is not prime (divisible by 3 and 5).",LUMS_SAT,Conceptual,Medium,Intelligence,Odd One Out
"Identify the odd one out: A) Circle, B) Square, C) Triangle, D) Sphere",Circle,Square,Triangle,Sphere,D,"The other three are 2D shapes, while Sphere is a 3D shape.",LUMS_SAT,Conceptual,Medium,Intelligence,Odd One Out
"Which one is the odd one out: A) √4, B) √9, C) √16, D) √20",√4,√9,√16,√20,D,"√4, √9, √16 are perfect squares (2, 3, 4), while √20 is not a perfect square.",LUMS_SAT,Conceptual,Medium,Intelligence,Odd One Out
"Select the odd one out: A) 2³, B) 3², C) 4², D) 5²",2³,3²,4²,5²,A,"The other three are squares, while 2³ is a cube, making it the odd one out.",LUMS_SAT,Conceptual,Medium,Intelligence,Odd One Out
"Identify the odd one out: A) Fast, B) Quick, C) Rapid, D) Slow",Fast,Quick,Rapid,Slow,D,"Fast, Quick, and Rapid all convey the idea of moving or happening quickly, while Slow is the opposite.",LUMS_SAT,Conceptual,Medium,Intelligence,Odd One Out
"Which is the odd one out: A) 10, B) 20, C) 30, D) 31",10,20,30,31,D,"The numbers 10, 20, 30 are multiples of 10, while 31 is not.",LUMS_SAT,Conceptual,Medium,Intelligence,Odd One Out
"Select the odd one out: A) Book, B) Magazine, C) Newspaper, D) Chair",Book,Magazine,Newspaper,Chair,D,"Book, Magazine, and Newspaper are all reading materials, while Chair is a piece of furniture.",LUMS_SAT,Conceptual,Medium,Intelligence,Odd One Out
"Identify the odd one out: A) πr², B) 2πr, C) 4πr², D) πr³",πr²,2πr,4πr²,πr³,D,"πr² is the area of a circle, 2πr is the circumference, 4πr² is the surface area of a sphere, while πr³ is not a standard formula.",LUMS_SAT,Conceptual,Medium,Intelligence,Odd One Out
"Which one is the odd one out: A) 3, B) 5, C) 7, D) 4",3,5,7,4,D,"The numbers 3, 5, 7 are odd, while 4 is even.",LUMS_SAT,Conceptual,Medium,Intelligence,Odd One Out
"Select the odd one out: A) January, B) March, C) May, D) July",January,March,May,July,B,"January, May, and July have 31 days, March has 31 days as well, actually all have 31, the logic could be different.",LUMS_SAT,Conceptual,Medium,Intelligence,Odd One Out
"Identify the odd one out: A) 1 + 1, B) 2 + 0, C) 3 - 1, D) 2 * 2",1 + 1,2 + 0,3 - 1,2 * 2,D,"1 + 1, 2 + 0, 3 - 1 all equal 2, while 2 * 2 equals 4.",LUMS_SAT,Conceptual,Medium,Intelligence,Odd One Out
"Which is the odd one out: A) 6, B) 8, C) 10, D) 11",6,8,10,11,D,"The numbers 6, 8, 10 are even, while 11 is odd.",LUMS_SAT,Conceptual,Medium,Intelligence,Odd One Out
"Select the odd one out: A) Football, B) Basketball, C) Tennis, D) Piano",Football,Basketball,Tennis,Piano,D,"Football, Basketball, and Tennis are sports, while Piano is a musical instrument.",LUMS_SAT,Conceptual,Medium,Intelligence,Odd One Out
"Identify the odd one out: A) 1 / 3, B) 2 / 6, C) 3 / 9, D) 1 / 4", 1 / 3, 2 / 6, 3 / 9, 1 / 4,D,"The fractions 1 / 3, 2 / 6, 3 / 9 simplify to 1 / 3, while 1 / 4 is a different value.",LUMS_SAT,Conceptual,Medium,Intelligence,Odd One Out
"Which one is the odd one out: A) sin(x), B) cos(x), C) tan(x), D) x²",sin(x),cos(x),tan(x),x²,D,"sin(x), cos(x), and tan(x) are trigonometric functions, while x² is an algebraic expression.",LUMS_SAT,Conceptual,Medium,Intelligence,Odd One Out
"Identify the odd one out: A) Football, B) Basketball, C) Tennis, D) Cricket",Football,Basketball,Tennis,Cricket,C,"All are team sports except Tennis, which is typically an individual sport or doubles.",NET,Conceptual,Medium,Intelligence,Odd One Out
"Find the odd one out: A) 1 / 2, B) 2 / 4, C) 3 / 6, D) 3 / 5", 1 / 2, 2 / 4, 3 / 6, 3 / 5,D,All fractions except 3 / 5 simplify to 1 / 2.,NET,Conceptual,Medium,Intelligence,Odd One Out
"Identify the odd one out: A) Red, B) Blue, C) Green, D) Black",Red,Blue,Green,Black,D,"Red, Blue, and Green are primary or secondary colors, while Black is not a color of the visible spectrum.",NET,Conceptual,Medium,Intelligence,Odd One Out
"Find the odd one out: A) √4, B) √9, C) √16, D) √7",√4,√9,√16,√7,D,"√4, √9, and √16 result in integers, while √7 is irrational.",NET,Conceptual,Medium,Intelligence,Odd One Out
"Identify the odd one out: A) 7, B) 11, C) 13, D) 15",7,11,13,15,D,"7, 11, and 13 are prime numbers, while 15 is composite.",NET,Conceptual,Medium,Intelligence,Odd One Out
"Find the odd one out: A) 3 ², B) 4 ², C) 5 ², D) 6 ³",3 ²,4 ²,5 ²,6 ³,D,"3 ², 4 ², and 5 ² are squared numbers, while 6 ³ is cubed.",NET,Conceptual,Medium,Intelligence,Odd One Out
"Find the odd one out: A) 2 × 3, B) 4 × 3, C) 6 × 3, D) 5 × 2",2 × 3,4 × 3,6 × 3,5 × 2,D,All expressions except 5 × 2 are multiples of 3.,NET,Conceptual,Medium,Intelligence,Odd One Out
"Identify the odd one out: A) Book, B) Pen, C) Pencil, D) Chair",Book,Pen,Pencil,Chair,D,"Book, Pen, and Pencil are stationery, while Chair is furniture.",NET,Conceptual,Medium,Intelligence,Odd One Out
"Find the odd one out: A) January, B) March, C) May, D) July",January,March,May,July,B,"January, May, and July have 31 days, March has 31 but the sequence is broken.",NET,Conceptual,Medium,Intelligence,Odd One Out
"Identify the odd one out: A) Python, B) Java, C) C++, D) English",Python,Java,C++,English,D,"Python, Java, and C++ are programming languages, while English is a natural language.",NET,Conceptual,Medium,Intelligence,Odd One Out
"Find the odd one out: A) 11, B) 13, C) 17, D) 20",11,13,17,20,D,"11, 13, and 17 are prime numbers, while 20 is composite.",NET,Conceptual,Medium,Intelligence,Odd One Out
"Identify the odd one out: A) Car, B) Bus, C) Train, D) Bicycle",Car,Bus,Train,Bicycle,D,"Car, Bus, and Train are motorized vehicles, while Bicycle is human-powered.",NET,Conceptual,Medium,Intelligence,Odd One Out
"Find the odd one out: A) 8, B) 27, C) 64, D) 100",8,27,64,100,D,"8, 27, and 64 are perfect cubes, while 100 is a perfect square.",NET,Conceptual,Medium,Intelligence,Odd One Out
"Identify the odd one out: A) Firefox, B) Chrome, C) Safari, D) Photoshop",Firefox,Chrome,Safari,Photoshop,D,"Firefox, Chrome, and Safari are web browsers, while Photoshop is a graphics editor.",NET,Conceptual,Medium,Intelligence,Odd One Out
"Find the odd one out: A) π, B) e, C) √2, D) 4",π,e,√2,4,D,"π, e, and √2 are irrational numbers, while 4 is rational.",NET,Conceptual,Medium,Intelligence,Odd One Out
"Identify the odd one out: A) Dog, B) Cat, C) Elephant, D) Car",Dog,Cat,Elephant,Car,D,"Dog, Cat, and Elephant are animals, while Car is a vehicle.",NET,Conceptual,Medium,Intelligence,Odd One Out
"Find the odd one out: A) Monday, B) Tuesday, C) Wednesday, D) Sunday",Monday,Tuesday,Wednesday,Sunday,D,"Monday, Tuesday, and Wednesday are weekdays, while Sunday is a weekend day.",NET,Conceptual,Medium,Intelligence,Odd One Out
"Which one is different: 1/2, 2/4, 3/6, 4/5", 1/2, 2/4, 3/6, 4/5,D,"1/2, 2/4, 3/6 are equivalent fractions, while 4/5 is not, making it different.",ECAT,Conceptual,Medium,Intelligence,Odd One Out
"Find the odd one: 16, 25, 36, 49, 64",16,25,36,64,B,"16, 36, 64 are squares of even numbers, 25 and 49 are squares of odd numbers, 25 is the first odd square.",ECAT,Conceptual,Medium,Intelligence,Odd One Out
"Identify the odd term: 2, 6, 12, 20, 30, 31",2,6,12,31,D,"The sequence 2, 6, 12, 20, 30 consists of numbers increasing by a growing difference, 31 breaks the pattern.",ECAT,Conceptual,Medium,Intelligence,Odd One Out
"Odd one out: 3, 5, 7, 11, 13, 15",3,5,11,15,D,"3, 5, 7, 11, 13 are prime numbers, 15 is not a prime number, it's the odd one out.",ECAT,Conceptual,Medium,Intelligence,Odd One Out
"Identify the odd one: 1, 4, 9, 16, 20",1,4,9,20,D,"1, 4, 9, 16 are perfect squares, 20 is not, making it the odd one out.",ECAT,Conceptual,Medium,Intelligence,Odd One Out
"Find the odd one out: 2 ³, 3 ², 4 ², 5 ²",2 ³,3 ²,4 ²,5 ²,A,"3 ², 4 ², 5 ² are numbers squared, 2 ³ is a number cubed, making it different.",ECAT,Conceptual,Medium,Intelligence,Odd One Out
"Odd one out: 12 / 3, 16 / 4, 20 / 5, 24 / 6, 25 / 5", 12 / 3, 16 / 4, 20 / 5, 25 / 5,D,"12 / 3, 16 / 4, 20 / 5, 24 / 6 all simplify to 4, 25 / 5 simplifies to 5, making it different.",ECAT,Conceptual,Medium,Intelligence,Odd One Out
"Identify the odd one: √4, √9, √16, √20",√4,√9,√16,√20,D,"√4, √9, √16 are perfect squares, √20 is not a perfect square, making it the odd one out.",ECAT,Conceptual,Medium,Intelligence,Odd One Out
"Find the odd one: π, e, √2, 1",π,e,√2,1,D,"π, e, √2 are irrational numbers, 1 is a rational number, making it the odd one out.",ECAT,Conceptual,Medium,Intelligence,Odd One Out
"Odd one out: 8, 27, 64, 125, 216, 343, 500",8,27,64,500,D,"8, 27, 64, 125, 216, 343 are perfect cubes, 500 is not, making it the odd one out.",ECAT,Conceptual,Medium,Intelligence,Odd One Out
"Identify the odd term: 1, 2, 4, 8, 16, 17",1,2,4,17,D,"1, 2, 4, 8, 16 is a sequence of powers of 2, 17 breaks the pattern.",ECAT,Conceptual,Medium,Intelligence,Odd One Out
"Find the odd one: 3 × 3, 4 × 4, 5 × 5, 6 × 3",3 × 3,4 × 4,5 × 5,6 × 3,D,"3 × 3, 4 × 4, 5 × 5 are numbers squared, 6 × 3 is not, making it different.",ECAT,Conceptual,Medium,Intelligence,Odd One Out
"Odd one out: 2 + 2, 4 + 0, 3 + 1, 1 + 1",2 + 2,4 + 0,3 + 1,1 + 1,D,"2 + 2, 4 + 0, 3 + 1 all equal 4, 1 + 1 equals 2, making it the odd one out.",ECAT,Conceptual,Medium,Intelligence,Odd One Out
"Identify the odd one: 10 / 2, 15 / 3, 20 / 4, 25 / 6", 10 / 2, 15 / 3, 20 / 4, 25 / 6,D,"10 / 2, 15 / 3, 20 / 4 all simplify to 5, 25 / 6 does not, making it different.",ECAT,Conceptual,Medium,Intelligence,Odd One Out
"Find the odd one: 7, 11, 13, 17, 19, 20",7,11,13,20,D,"7, 11, 13, 17, 19 are prime numbers, 20 is not, making it the odd one out.",ECAT,Conceptual,Medium,Intelligence,Odd One Out
"Odd one out: ∫x dx, ∫x² dx, ∫x³ dx, ∫sin(x) dx",∫x dx,∫x² dx,∫x³ dx,∫sin(x) dx,D,"∫x dx, ∫x² dx, ∫x³ dx are integrals of polynomial functions, ∫sin(x) dx is an integral of a trigonometric function.",ECAT,Conceptual,Medium,Intelligence,Odd One Out
"Identify the odd one: 4, 9, 16, 25, 30",4,9,16,30,D,"4, 9, 16, 25 are perfect squares, 30 is not, making it the odd one out.",ECAT,Conceptual,Medium,Intelligence,Odd One Out
"Find the odd one: 1 + 1, 2 + 2, 3 + 3, 4 + 5",1 + 1,2 + 2,3 + 3,4 + 5,D,"1 + 1, 2 + 2, 3 + 3 are numbers added to themselves, 4 + 5 is not, making it different.",ECAT,Conceptual,Medium,Intelligence,Odd One Out
"Odd one out: 2 × 3, 3 × 4, 4 × 5, 5 × 3",2 × 3,3 × 4,4 × 5,5 × 3,D,"2 × 3, 3 × 4, 4 × 5 are consecutive numbers multiplied, 5 × 3 is not, making it different.",ECAT,Conceptual,Medium,Intelligence,Odd One Out
"Identify the odd one: A) Copper, B) Silver, C) Gold, D) Iron",Copper,Silver,Gold,Iron,D,"Copper, Silver, and Gold are noble metals, whereas Iron is a transition metal, making it the odd one.",GIKI_PIEAS,Conceptual,Medium,Intelligence,Odd One Out
"Find the odd one out: A) 2/3, B) 4/6, C) 6/9, D) 3/5", 2/3, 4/6, 6/9, 3/5,D,"2/3, 4/6, and 6/9 are equivalent fractions, whereas 3/5 is not, making it the odd one.",GIKI_PIEAS,Conceptual,Medium,Intelligence,Odd One Out
"Identify the odd one: A) 121, B) 169, C) 225, D) 200",121,169,225,200,D,"121, 169, and 225 are perfect squares (11², 13², 15²), whereas 200 is not a perfect square.",GIKI_PIEAS,Conceptual,Medium,Intelligence,Odd One Out
"Find the odd one: A) 1 / 2, B) 2 / 4, C) 3 / 6, D) 3 / 7", 1 / 2, 2 / 4, 3 / 6, 3 / 7,D,"1/2, 2/4, and 3/6 are equivalent fractions, whereas 3/7 is not, making it the odd one.",GIKI_PIEAS,Conceptual,Medium,Intelligence,Odd One Out
"Identify the odd one: A) Mercury, B) Venus, C) Earth, D) Jupiter",Mercury,Venus,Earth,Jupiter,D,"Mercury, Venus, and Earth are inner planets, whereas Jupiter is a gas giant, making it the odd one.",GIKI_PIEAS,Conceptual,Medium,Intelligence,Odd One Out
"Find the odd one out: A) 7, B) 11, C) 13, D) 9",7,11,13,9,D,"7, 11, and 13 are prime numbers, whereas 9 is a composite number, making it the odd one.",GIKI_PIEAS,Conceptual,Medium,Intelligence,Odd One Out
"Identify the odd one: A) 27, B) 64, C) 125, D) 100",27,64,125,100,D,"27, 64, and 125 are perfect cubes (3³, 4³, 5³), whereas 100 is not a perfect cube.",GIKI_PIEAS,Conceptual,Medium,Intelligence,Odd One Out
"Find the odd one: A) Circle, B) Rectangle, C) Square, D) Triangle",Circle,Rectangle,Square,Triangle,A,"Rectangle, Square, and Triangle are polygons with straight edges, whereas Circle is a curved shape.",GIKI_PIEAS,Conceptual,Medium,Intelligence,Odd One Out
"Find the odd one out: A) 16, B) 25, C) 36, D) 20",16,25,36,20,D,"16, 25, and 36 are perfect squares (4², 5², 6²), whereas 20 is not a perfect square.",GIKI_PIEAS,Conceptual,Medium,Intelligence,Odd One Out
"Identify the odd one: A) 8, B) 27, C) 64, D) 10",8,27,64,10,D,"8, 27, and 64 are perfect cubes (2³, 3³, 4³), whereas 10 is not a perfect cube.",GIKI_PIEAS,Conceptual,Medium,Intelligence,Odd One Out
"Find the odd one: A) 15, B) 30, C) 45, D) 17",15,30,45,17,D,"15, 30, and 45 are multiples of 15, whereas 17 is not, making it the odd one.",GIKI_PIEAS,Conceptual,Medium,Intelligence,Odd One Out
"Identify the odd one: A) 4, B) 9, C) 16, D) 10",4,9,16,10,D,"4, 9, and 16 are perfect squares (2², 3², 4²), whereas 10 is not a perfect square.",GIKI_PIEAS,Conceptual,Medium,Intelligence,Odd One Out
"Find the odd one out: A) 6, B) 12, C) 18, D) 7",6,12,18,7,D,"6, 12, and 18 are multiples of 6, whereas 7 is not, making it the odd one.",GIKI_PIEAS,Conceptual,Medium,Intelligence,Odd One Out
"Identify the odd one: A) 1, B) 8, C) 27, D) 5",1,8,27,5,D,"1, 8, and 27 are perfect cubes (1³, 2³, 3³), whereas 5 is not a perfect cube.",GIKI_PIEAS,Conceptual,Medium,Intelligence,Odd One Out
"Find the odd one: A) 24, B) 36, C) 48, D) 25",24,36,48,25,D,"24, 36, and 48 are multiples of 12, whereas 25 is not, making it the odd one.",GIKI_PIEAS,Conceptual,Medium,Intelligence,Odd One Out
"Identify the odd one: A) 2, B) 4, C) 6, D) 3",2,4,6,3,D,"2, 4, and 6 are even numbers, whereas 3 is an odd number, making it the odd one.",GIKI_PIEAS,Conceptual,Medium,Intelligence,Odd One Out
"Find the odd one out: A) 9, B) 18, C) 27, D) 10",9,18,27,10,D,"9, 18, and 27 are multiples of 9, whereas 10 is not, making it the odd one.",GIKI_PIEAS,Conceptual,Medium,Intelligence,Odd One Out
"Identify the odd one: A) 49, B) 64, C) 81, D) 1000",49,64,81,1000,D,"49, 64, and 81 are perfect squares (7², 8², 9²), whereas 1000 is not a perfect square of a single digit number.",GIKI_PIEAS,Conceptual,Medium,Intelligence,Odd One Out
"Find the odd one: A) 11, B) 13, C) 17, D) 15",11,13,17,15,D,"11, 13, and 17 are prime numbers, whereas 15 is a composite number, making it the odd one.",GIKI_PIEAS,Conceptual,Medium,Intelligence,Odd One Out
"Identify the odd one: A) Red, B) Blue, C) Green, D) Black",Red,Blue,Green,Black,D,"Red, Blue, and Green are primary or secondary colors, while Black is the absence of color, making it the odd one.",LUMS_SAT,Conceptual,Medium,Intelligence,Odd One Out
"Odd one out: A) Square, B) Rectangle, C) Triangle, D) Circle",Square,Rectangle,Triangle,Circle,D,"Square, Rectangle, and Triangle are all polygons with straight edges, while Circle is a curved shape.",LUMS_SAT,Conceptual,Medium,Intelligence,Odd One Out
"Identify the odd one: A) 1 / 2, B) 2 / 4, C) 3 / 6, D) 2 / 3", 1 / 2, 2 / 4, 3 / 6, 2 / 3,D,"All fractions except 2 / 3 simplify to 1 / 2, making 2 / 3 the odd one out.",LUMS_SAT,Conceptual,Medium,Intelligence,Odd One Out
"Odd one: A) Book, B) Pen, C) Pencil, D) Chair",Book,Pen,Pencil,Chair,D,"Book, Pen, and Pencil are all stationery items, while Chair is furniture, making it the odd one.",LUMS_SAT,Conceptual,Medium,Intelligence,Odd One Out
"Identify the odd: A) January, B) March, C) May, D) July",January,March,May,July,A,"March, May, and July have 31 days, while January has 31 days but is the first month, the odd one is actually none, but if we consider the number of letters, January has 7 letters, March has 5, May has 3, July has 4. So, May is the odd one due to having the least number of letters.",LUMS_SAT,Conceptual,Medium,Intelligence,Odd One Out
"Odd one: A) Apple, B) Banana, C) Mango, D) Chair",Apple,Banana,Mango,Chair,D,"Apple, Banana, and Mango are all fruits, while Chair is furniture, making it the odd one.",LUMS_SAT,Conceptual,Medium,Intelligence,Odd One Out
"Identify the odd: A) 4, B) 9, C) 16, D) 25",4,9,16,25,B,"4, 16, and 25 are squares of 2, 4, and 5 respectively, while 9 is a square of 3, all are perfect squares, the odd one is not clear, but if we check the sequence, it is 2², 3², 4², 5². So, none is odd, but if we consider the difference between consecutive numbers, 9 - 4 = 5, 16 - 9 = 7, 25 - 16 = 9. The differences are consecutive odd numbers, so none is odd.",LUMS_SAT,Conceptual,Medium,Intelligence,Odd One Out
"Odd one: A) Dog, B) Cat, C) Elephant, D) Car",Dog,Cat,Elephant,Car,D,"Dog, Cat, and Elephant are all animals, while Car is a vehicle, making it the odd one.",LUMS_SAT,Conceptual,Medium,Intelligence,Odd One Out
"Identify the odd: A) 3, B) 5, C) 7, D) 9",3,5,7,9,D,"3, 5, and 7 are all prime numbers, while 9 is not prime, it's a composite number.",LUMS_SAT,Conceptual,Medium,Intelligence,Odd One Out
"Identify the odd one: A) 1, B) 2, C) 4, D) 8",1,2,4,8,A,"2, 4, and 8 are all powers of 2, while 1 is not a power of 2 in the same sequence, but 2^0 = 1, so it fits, the sequence is obtained by multiplying the previous term by 2.",LUMS_SAT,Conceptual,Medium,Intelligence,Odd One Out
"Odd one: A) Sun, B) Moon, C) Earth, D) Car",Sun,Moon,Earth,Car,D,"Sun, Moon, and Earth are all celestial bodies, while Car is a vehicle, making it the odd one.",LUMS_SAT,Conceptual,Medium,Intelligence,Odd One Out
"Identify the odd: A) 10, B) 20, C) 30, D) 31",10,20,30,31,D,"10, 20, and 30 are all multiples of 10, while 31 is not, making it the odd one out.",LUMS_SAT,Conceptual,Medium,Intelligence,Odd One Out
"Odd one out: A) Cycle, B) Bike, C) Car, D) Book",Cycle,Bike,Car,Book,D,"Cycle, Bike, and Car are all vehicles, while Book is a reading material, making it the odd one.",LUMS_SAT,Conceptual,Medium,Intelligence,Odd One Out
"Identify the odd: A) 2, B) 3, C) 5, D) 6",2,3,5,6,D,"2, 3, and 5 are all prime numbers, while 6 is a composite number, making it the odd one.",LUMS_SAT,Conceptual,Medium,Intelligence,Odd One Out
"Odd one: A) House, B) Building, C) Hut, D) Chair",House,Building,Hut,Chair,D,"House, Building, and Hut are all structures used for shelter, while Chair is furniture, making it the odd one.",LUMS_SAT,Conceptual,Medium,Intelligence,Odd One Out
"Identify the odd: A) Red, B) Yellow, C) Blue, D) Green",Red,Yellow,Blue,Green,D,"Red, Yellow, and Blue are primary colors, while Green is a secondary color, making it the odd one out.",LUMS_SAT,Conceptual,Medium,Intelligence,Odd One Out
"Odd one out: A) 11, B) 13, C) 17, D) 15",11,13,17,15,D,"11, 13, and 17 are all prime numbers, while 15 is a composite number, making it the odd one.",LUMS_SAT,Conceptual,Medium,Intelligence,Odd One Out
"Find the odd one: A) 2, B) 4, C) 6, D) 9",2,4,6,9,D,"All numbers except 9 are even, making 9 the odd one out.",NET,Conceptual,Medium,Intelligence,Odd One Out
"Identify the odd term: A) 1 / 2, B) 2 / 3, C) 3 / 4, D) 4 / 5", 1 / 2, 2 / 3, 3 / 4, 4 / 5,A,The pattern is obtained by increasing numerator and denominator by 1; 1 / 2 doesn't follow the sequence starting from 2 / 3.,NET,Conceptual,Medium,Intelligence,Odd One Out
"Identify the odd number: A) 8, B) 27, C) 64, D) 125",8,27,64,125,A,"The numbers 27, 64, and 125 are perfect cubes (3³, 4³, 5³), while 8 is 2³ but the sequence isn't followed.",NET,Conceptual,Medium,Intelligence,Odd One Out
"Identify the odd term: A) 12, B) 24, C) 36, D) 49",12,24,36,49,D,"The numbers 12, 24, and 36 are multiples of 12, while 49 is not.",NET,Conceptual,Medium,Intelligence,Odd One Out
"Odd one out: A) √4, B) √9, C) √16, D) √20",√4,√9,√16,√20,D,"The square roots of 4, 9, and 16 are integers, while √20 is not a perfect square.",NET,Conceptual,Medium,Intelligence,Odd One Out
"Find the odd one: A) πr², B) 2πr, C) 4πr², D) πd",πr²,2πr,4πr²,πd,D,"The formulas πr², 2πr, and 4πr² are related to the area and circumference of a circle or sphere, while πd is diameter times π.",NET,Conceptual,Medium,Intelligence,Odd One Out
"Identify the odd one: A) 5, B) 7, C) 11, D) 15",5,7,11,15,D,"The numbers 5, 7, and 11 are prime, while 15 is not a prime number.",NET,Conceptual,Medium,Intelligence,Odd One Out
"Odd term: A) 3, B) 6, C) 9, D) 16",3,6,9,16,D,"The numbers 3, 6, and 9 are multiples of 3, while 16 is not.",NET,Conceptual,Medium,Intelligence,Odd One Out
"Find the odd one out: A) 2², B) 3², C) 4², D) 5³",2²,3²,4²,5³,D,"The numbers 2², 3², and 4² are squares, while 5³ is a cube, making it the odd one.",NET,Conceptual,Medium,Intelligence,Odd One Out
"Identify the odd one: A) 10, B) 20, C) 30, D) 37",10,20,30,37,D,"The numbers 10, 20, and 30 are multiples of 10, while 37 is a prime number.",NET,Conceptual,Medium,Intelligence,Odd One Out
"Odd one out: A) 1, B) 4, C) 9, D) 16",1,4,9,16,A,"Although 1 is a square (1²), the rest are squares of numbers greater than 1, but all are perfect squares.",NET,Conceptual,Medium,Intelligence,Odd One Out
"Find the odd one: A) Football, B) Basketball, C) Tennis, D) Carrom",Football,Basketball,Tennis,Carrom,D,"Football, Basketball, and Tennis are outdoor games or sports, while Carrom is an indoor board game.",NET,Conceptual,Medium,Intelligence,Odd One Out
"Identify the odd term: A) 1 + 1, B) 2 + 2, C) 3 + 3, D) 2 + 3",1 + 1,2 + 2,3 + 3,2 + 3,D,"The expressions 1 + 1, 2 + 2, and 3 + 3 involve adding a number to itself, while 2 + 3 doesn't.",NET,Conceptual,Medium,Intelligence,Odd One Out
"Odd one out: A) 6, B) 12, C) 18, D) 25",6,12,18,25,D,"The numbers 6, 12, and 18 are multiples of 6, while 25 is not.",NET,Conceptual,Medium,Intelligence,Odd One Out
"Find the odd one: A) Monday, B) Tuesday, C) Wednesday, D) January",Monday,Tuesday,Wednesday,January,D,"Monday, Tuesday, and Wednesday are days of the week, while January is a month.",NET,Conceptual,Medium,Intelligence,Odd One Out
"Identify the odd one: A) 8 / 2, B) 12 / 3, C) 16 / 4, D) 20 / 5", 8 / 2, 12 / 3, 16 / 4, 20 / 5,A,"All expressions simplify to 4, making them seemingly similar, but the pattern isn't broken; actually, all are correct.",NET,Conceptual,Medium,Intelligence,Odd One Out
"Odd term: A) 3 × 3, B) 4 × 4, C) 5 × 5, D) 2 + 2",3 × 3,4 × 4,5 × 5,2 + 2,D,"The expressions 3 × 3, 4 × 4, and 5 × 5 are multiplications, while 2 + 2 is an addition.",NET,Conceptual,Medium,Intelligence,Odd One Out
"Identify the odd one out: 2, 4, 6, 11",2,4,6,11,D,"The numbers 2, 4, 6 are even and follow a sequence, whereas 11 is odd and breaks the pattern.",ECAT,Conceptual,Medium,Intelligence,Odd One Out
"Find the odd one: 1 / 2, 1 / 4, 3 / 4, 1", 1 / 2, 1 / 4, 3 / 4,1,C,"The fractions 1 / 2, 1 / 4, 1 are related to powers of 1 / 2, but 3 / 4 doesn't fit this pattern.",ECAT,Conceptual,Medium,Intelligence,Odd One Out
"Odd one out: √4, √9, √16, √20",√4,√9,√16,√20,D,"√4 = 2, √9 = 3, √16 = 4 are perfect squares, but √20 is not a perfect square.",ECAT,Conceptual,Medium,Intelligence,Odd One Out
"Identify the odd one: 3², 4², 5², 6³",3²,4²,5²,6³,D,"The numbers 3², 4², 5² are squares, whereas 6³ is a cube, breaking the pattern.",ECAT,Conceptual,Medium,Intelligence,Odd One Out
"Find the odd one out: 7, 14, 21, 25",7,14,21,25,D,"The numbers 7, 14, 21 are multiples of 7, but 25 is not.",ECAT,Conceptual,Medium,Intelligence,Odd One Out
"Odd one out: 2 × 3, 4 × 3, 6 × 3, 8 + 3",2 × 3,4 × 3,6 × 3,8 + 3,D,"The expressions 2 × 3, 4 × 3, 6 × 3 involve multiplication by 3, but 8 + 3 involves addition.",ECAT,Conceptual,Medium,Intelligence,Odd One Out
"Identify the odd one: 10 - 2, 12 - 2, 14 - 2, 16 + 2",10 - 2,12 - 2,14 - 2,16 + 2,D,"The expressions 10 - 2, 12 - 2, 14 - 2 involve subtraction, but 16 + 2 involves addition.",ECAT,Conceptual,Medium,Intelligence,Odd One Out
"Find the odd one out: 1 + 1, 2 + 1, 3 + 1, 4 × 1",1 + 1,2 + 1,3 + 1,4 × 1,D,"The expressions 1 + 1, 2 + 1, 3 + 1 involve addition, but 4 × 1 involves multiplication.",ECAT,Conceptual,Medium,Intelligence,Odd One Out
"Odd one out: 9, 18, 27, 30",9,18,27,30,D,"The numbers 9, 18, 27 are multiples of 9, but 30 is not.",ECAT,Conceptual,Medium,Intelligence,Odd One Out
"Identify the odd one: 4, 9, 16, 20",4,9,16,20,D,"The numbers 4, 9, 16 are perfect squares, but 20 is not.",ECAT,Conceptual,Medium,Intelligence,Odd One Out
"Find the odd one out: 2 + 2, 4 + 2, 6 + 2, 8 + 3",2 + 2,4 + 2,6 + 2,8 + 3,D,"The expressions 2 + 2, 4 + 2, 6 + 2 involve adding 2, but 8 + 3 involves adding 3.",ECAT,Conceptual,Medium,Intelligence,Odd One Out
"Odd one out: 12 / 3, 15 / 3, 18 / 3, 20 / 4", 12 / 3, 15 / 3, 18 / 3, 20 / 4,D,"The expressions 12 / 3, 15 / 3, 18 / 3 involve division by 3, but 20 / 4 involves division by 4.",ECAT,Conceptual,Medium,Intelligence,Odd One Out
"Identify the odd one: 3 × 3, 4 × 4, 5 × 5, 6 + 6",3 × 3,4 × 4,5 × 5,6 + 6,D,"The expressions 3 × 3, 4 × 4, 5 × 5 involve multiplication, but 6 + 6 involves addition.",ECAT,Conceptual,Medium,Intelligence,Odd One Out
"Find the odd one out: 2, 6, 12, 16",2,6,12,16,D,"The numbers 2, 6, 12 follow a pattern of increasing by a factor, but 16 breaks this pattern.",ECAT,Conceptual,Medium,Intelligence,Odd One Out
"Odd one out: 8 - 1, 9 - 1, 10 - 1, 11 + 1",8 - 1,9 - 1,10 - 1,11 + 1,D,"The expressions 8 - 1, 9 - 1, 10 - 1 involve subtraction, but 11 + 1 involves addition.",ECAT,Conceptual,Medium,Intelligence,Odd One Out
"Identify the odd one: 24, 30, 36, 40",24,30,36,40,D,"The numbers 24, 30, 36 are multiples of 6, but 40 is not.",ECAT,Conceptual,Medium,Intelligence,Odd One Out
"Find the odd one out: π, ², √, ³",π,²,√,³,C,"The symbols π, ², ³ are related to mathematical operations or constants, but √ is an operator, yet all are math-related; however, the others are more specific or related to powers.",ECAT,Conceptual,Medium,Intelligence,Odd One Out
"Odd one out: 11, 13, 17, 20",11,13,17,20,D,"The numbers 11, 13, 17 are prime, but 20 is not.",ECAT,Conceptual,Medium,Intelligence,Odd One Out
"Identify the odd one: 5, 10, 15, 21",5,10,15,21,D,"The numbers 5, 10, 15 are multiples of 5, but 21 is not.",ECAT,Conceptual,Medium,Intelligence,Odd One Out
"Which is the odd one out: Mercury, Venus, Earth, Jupiter?",Mercury,Venus,Earth,Jupiter,D,"The other three are inner planets, while Jupiter is a gas giant and outer planet.",GIKI_PIEAS,Conceptual,Medium,Intelligence,Odd One Out
"Identify the odd one: 2, 4, 8, 16, 32, 64, 21",2,4,21,64,C,"The sequence is a powers-of-2 sequence except for 21, which breaks the pattern.",GIKI_PIEAS,Conceptual,Medium,Intelligence,Odd One Out
"Odd one out: Red, Blue, Green, Yellow",Red,Blue,Green,Yellow,D,"Red, Blue, and Green are primary colors in different color models, while Yellow is not a primary color in the RGB model.",GIKI_PIEAS,Conceptual,Medium,Intelligence,Odd One Out
"Which number is odd one out: 1, 2, 4, 7, 11",1,2,7,11,B,"The sequence consists of numbers where each is incrementing by a growing amount (1 to 2 is +1, 2 to 4 is +2, 4 to 7 is +3, 7 to 11 is +4), and 2 disrupts the pattern of differences starting from 1.",GIKI_PIEAS,Conceptual,Medium,Intelligence,Odd One Out
"Identify the odd one: Circle, Square, Triangle, Pentagon",Circle,Square,Triangle,Pentagon,A,"The other three are polygons with straight sides, while a Circle is a curved shape.",GIKI_PIEAS,Conceptual,Medium,Intelligence,Odd One Out
"Odd one out: 3, 5, 7, 9, 11, 13, 15, 20",3,5,15,20,D,"The sequence consists of consecutive odd numbers, and 20 is the only even number.",GIKI_PIEAS,Conceptual,Medium,Intelligence,Odd One Out
"Which is odd one out: January, March, May, July, August",January,March,May,August,D,"The other months have 31 days and are in an alternating pattern, but August breaks the sequence of having a month with 30 days in between.",GIKI_PIEAS,Conceptual,Medium,Intelligence,Odd One Out
"Odd one out: 1/2, 1/4, 1/8, 1/16, 3/4", 1 / 2, 1 / 4, 1 / 8, 3 / 4,D,"The sequence is obtained by halving the previous fraction, and 3/4 doesn't fit this pattern.",GIKI_PIEAS,Conceptual,Medium,Intelligence,Odd One Out
"Identify the odd one: 2, 3, 5, 7, 11, 13, 15",2,3,13,15,D,"The sequence consists of prime numbers, and 15 is not a prime number (it's divisible by 3 and 5).",GIKI_PIEAS,Conceptual,Medium,Intelligence,Odd One Out
"Odd one out: Monday, Tuesday, Wednesday, Friday",Monday,Tuesday,Wednesday,Friday,D,"The sequence is of consecutive weekdays, and Thursday is missing before Friday.",GIKI_PIEAS,Conceptual,Medium,Intelligence,Odd One Out
"Which is odd one out: 4, 9, 16, 25, 36, 48",4,9,36,48,D,"The sequence consists of perfect squares, and 48 is not a perfect square.",GIKI_PIEAS,Conceptual,Medium,Intelligence,Odd One Out
"Identify the odd one: 1, 2, 6, 24, 120, 600",1,2,120,600,D,"The sequence is obtained by multiplying the previous term by consecutive integers (1!, 2!, 3!, 4!, 5!), and 600 doesn't fit this pattern (should be 720).",GIKI_PIEAS,Conceptual,Medium,Intelligence,Odd One Out
"Which is odd one out: A, C, E, G, I, L",A,C,E,L,D,"The sequence is of letters incrementing by 2 in the alphabet, and 'L' breaks this pattern.",GIKI_PIEAS,Conceptual,Medium,Intelligence,Odd One Out
"Identify the odd one: 12, 24, 36, 48, 50",12,24,48,50,D,"The sequence consists of multiples of 12, and 50 is not a multiple of 12.",GIKI_PIEAS,Conceptual,Medium,Intelligence,Odd One Out
"Odd one out: 10, 20, 30, 40, 51",10,20,40,51,D,"The sequence consists of multiples of 10, and 51 is not a multiple of 10.",GIKI_PIEAS,Conceptual,Medium,Intelligence,Odd One Out
"Which is odd one out: 3, 6, 12, 24, 30",3,6,24,30,D,"The sequence is obtained by doubling the previous term, and 30 doesn't fit this pattern.",GIKI_PIEAS,Conceptual,Medium,Intelligence,Odd One Out
"Identify the odd one: 1, 4, 9, 16, 25, 28",1,4,25,28,D,"The sequence consists of perfect squares, and 28 is not a perfect square.",GIKI_PIEAS,Conceptual,Medium,Intelligence,Odd One Out
"Odd one out: 2, 6, 12, 20, 30, 42, 56, 72",2,6,56,72,D,"The sequence is formed by adding 4, 6, 8, 10, 12, 14 to the previous term, and 72 doesn't fit this pattern (should be 72 - 2 = 70).",GIKI_PIEAS,Conceptual,Medium,Intelligence,Odd One Out
"Which is odd one out: 5, 10, 15, 20, 25, 27",5,10,25,27,D,"The sequence consists of multiples of 5, and 27 is not a multiple of 5.",GIKI_PIEAS,Conceptual,Medium,Intelligence,Odd One Out
"Which is the odd one out: A) Square, B) Circle, C) Triangle, D) Rectangle",Square,Circle,Triangle,Rectangle,B,"All options except Circle are polygons with straight edges, making Circle the odd one out due to its curved shape.",LUMS_SAT,Conceptual,Medium,Intelligence,Odd One Out
"Identify the odd one: A) 2, B) 3, C) 5, D) 9",2,3,5,9,D,"All numbers except 9 are prime numbers, and 9 is a composite number (3²), making it the odd one out.",LUMS_SAT,Conceptual,Medium,Intelligence,Odd One Out
"Odd one out: A) 1/2, B) 2/4, C) 3/6, D) 4/7", 1/2, 2/4, 3/6, 4/7,D,"All fractions except 4/7 simplify to 1/2, making 4/7 the odd one out as it simplifies to a different value.",LUMS_SAT,Conceptual,Medium,Intelligence,Odd One Out
"Which is the odd one: A) Mercury, B) Venus, C) Earth, D) Jupiter",Mercury,Venus,Earth,Jupiter,D,"Mercury, Venus, and Earth are inner planets, while Jupiter is a gas giant, making it the odd one out due to its different planetary classification.",LUMS_SAT,Conceptual,Medium,Intelligence,Odd One Out
"Odd one out: A) Red, B) Blue, C) Green, D) Yellow",Red,Blue,Green,Yellow,C,"Red, Blue, and Yellow are primary colors, while Green is a secondary color, making it the odd one out.",LUMS_SAT,Conceptual,Medium,Intelligence,Odd One Out
"Identify the odd one: A) 10, B) 20, C) 30, D) 31",10,20,30,31,D,"All numbers except 31 are multiples of 10, making 31 the odd one out as it is not divisible by 10.",LUMS_SAT,Conceptual,Medium,Intelligence,Odd One Out
"Which is the odd one out: A) Football, B) Basketball, C) Tennis, D) Cricket",Football,Basketball,Tennis,Cricket,C,"Football, Basketball, and Cricket are team sports with multiple players on each team, while Tennis is typically played individually, making it the odd one out.",LUMS_SAT,Conceptual,Medium,Intelligence,Odd One Out
"Odd one out: A) 7, B) 11, C) 13, D) 15",7,11,13,15,D,"All numbers except 15 are prime, and 15 is a composite number (3 * 5), making it the odd one out.",LUMS_SAT,Conceptual,Medium,Intelligence,Odd One Out
"Identify the odd one: A) Monday, B) Tuesday, C) Wednesday, D) January",Monday,Tuesday,Wednesday,January,D,"Monday, Tuesday, and Wednesday are days of the week, while January is a month, making it the odd one out.",LUMS_SAT,Conceptual,Medium,Intelligence,Odd One Out
"Odd one out: A) ∫x dx, B) ∫x² dx, C) ∫x³ dx, D) x + 1",∫x dx,∫x² dx,∫x³ dx,x + 1,D,"All options except x + 1 represent integrals, while x + 1 is a simple algebraic expression, making it the odd one out.",LUMS_SAT,Conceptual,Medium,Intelligence,Odd One Out
"Which is the odd one: A) 2, B) 4, C) 6, D) 7",2,4,6,7,D,"All numbers except 7 are even, making 7 the odd one out as it is an odd number.",LUMS_SAT,Conceptual,Medium,Intelligence,Odd One Out
"Odd one out: A) Apple, B) Banana, C) Cherry, D) Car",Apple,Banana,Cherry,Car,D,"Apple, Banana, and Cherry are fruits, while Car is a vehicle, making it the odd one out.",LUMS_SAT,Conceptual,Medium,Intelligence,Odd One Out
"Identify the odd one: A) 1 / 2, B) 2 / 4, C) 3 / 6, D) 5 / 8", 1 / 2, 2 / 4, 3 / 6, 5 / 8,D,"All fractions except 5/8 simplify to 1/2, making 5/8 the odd one out as it simplifies to a different value.",LUMS_SAT,Conceptual,Medium,Intelligence,Odd One Out
"Odd one out: A) 4, B) 9, C) 16, D) 25",4,9,16,25,A,"All numbers except 4 are odd perfect squares, and 4 is an even perfect square, but all are perfect squares, however, 4 = 2², 9 = 3², 16 = 4², 25 = 5², the odd one is actually not based on being odd or even but the pattern of consecutive squares starting from 2², the correct pattern is all are squares, and the first is 2², the rest are consecutive odd squares starting from 3².",LUMS_SAT,Conceptual,Medium,Intelligence,Odd One Out
"Which is the odd one: A) Book, B) Pen, C) Pencil, D) Chair",Book,Pen,Pencil,Chair,D,"Book, Pen, and Pencil are stationery items used for writing or reading, while Chair is a piece of furniture, making it the odd one out.",LUMS_SAT,Conceptual,Medium,Intelligence,Odd One Out
"Odd one out: A) Sun, B) Moon, C) Earth, D) Pluto",Sun,Moon,Earth,Pluto,A,"Moon, Earth, and Pluto are celestial bodies orbiting or once considered to orbit the Sun, while Sun is a star, making it the odd one out.",LUMS_SAT,Conceptual,Medium,Intelligence,Odd One Out
"Odd one out: A) Dog, B) Cat, C) Elephant, D) Car",Dog,Cat,Elephant,Car,D,"Dog, Cat, and Elephant are animals, while Car is a vehicle, making it the odd one out.",LUMS_SAT,Conceptual,Medium,Intelligence,Odd One Out
"Which is the odd one: A) 12, B) 24, C) 36, D) 49",12,24,36,49,D,"All numbers except 49 are multiples of 12, making 49 the odd one out as it is not divisible by 12.",LUMS_SAT,Conceptual,Medium,Intelligence,Odd One Out
"Odd one out: A) Book, B) Pen, C) Pencil, D) Chair",Book,Pen,Pencil,Chair,D,All except Chair are used for writing or reading.,NET,Conceptual,Medium,Intelligence,Odd One Out
"Identify the odd one: A) 1 / 2, B) 2 / 4, C) 3 / 6, D) 3 / 4", 1 / 2, 2 / 4, 3 / 6, 3 / 4,D,All fractions except 3 / 4 simplify to 1 / 2.,NET,Conceptual,Medium,Intelligence,Odd One Out
"Odd one out: A) Mercury, B) Venus, C) Earth, D) Pluto",Mercury,Venus,Earth,Pluto,D,"Mercury, Venus, and Earth are terrestrial planets in our solar system, Pluto is a dwarf planet.",NET,Conceptual,Medium,Intelligence,Odd One Out
"Find the odd one: A) Red, B) Blue, C) Green, D) Black",Red,Blue,Green,Black,D,"Red, Blue, and Green are primary or secondary colors, Black is the absence of color.",NET,Conceptual,Medium,Intelligence,Odd One Out
"Find the odd one: A) Car, B) Bus, C) Train, D) Bicycle",Car,Bus,Train,Bicycle,D,All vehicles except Bicycle are motorized.,NET,Conceptual,Medium,Intelligence,Odd One Out
"Identify the odd one: A) Sun, B) Moon, C) Earth, D) Star",Sun,Moon,Earth,Star,D,"Sun, Moon, and Earth are specific celestial bodies, Star is a general category.",NET,Conceptual,Medium,Intelligence,Odd One Out
"Odd one out: A) Python, B) Java, C) C++, D) English",Python,Java,C++,English,D,"Python, Java, and C++ are programming languages, English is a natural language.",NET,Conceptual,Medium,Intelligence,Odd One Out
"Find the odd one: A) 16, B) 25, C) 36, D) 49",16,25,36,49,A,"25, 36, and 49 are squares of odd numbers, 16 is the square of an even number.",NET,Conceptual,Medium,Intelligence,Odd One Out
"Identify the odd one: A) Dog, B) Cat, C) Elephant, D) Car",Dog,Cat,Elephant,Car,D,"Dog, Cat, and Elephant are animals, Car is a vehicle.",NET,Conceptual,Medium,Intelligence,Odd One Out
"Odd one out: A) January, B) March, C) May, D) July",January,March,May,July,B,"January, May, and July have 31 days, March has 31 but is the odd one due to the sequence, actually all have 31 days.",NET,Conceptual,Medium,Intelligence,Odd One Out
"Find the odd one: A) √4, B) √9, C) √16, D) √20",√4,√9,√16,√20,D,"√4, √9, and √16 are perfect squares, √20 is not a perfect square.",NET,Conceptual,Medium,Intelligence,Odd One Out
"Identify the odd one: A) 3 ², B) 4 ², C) 5 ², D) 2 ³",3 ²,4 ²,5 ²,2 ³,D,"3 ², 4 ², and 5 ² are squares, 2 ³ is a cube.",NET,Conceptual,Medium,Intelligence,Odd One Out
"Odd one out: A) Piano, B) Guitar, C) Drums, D) Book",Piano,Guitar,Drums,Book,D,"Piano, Guitar, and Drums are musical instruments, Book is not.",NET,Conceptual,Medium,Intelligence,Odd One Out
"Find the odd one: A) 10 / 2, B) 15 / 3, C) 20 / 4, D) 7 / 2", 10 / 2, 15 / 3, 20 / 4, 7 / 2,D,"10 / 2, 15 / 3, and 20 / 4 simplify to integers, 7 / 2 does not.",NET,Conceptual,Medium,Intelligence,Odd One Out
"Identify the odd one: A) Firefox, B) Chrome, C) Safari, D) MS Word",Firefox,Chrome,Safari,MS Word,D,"Firefox, Chrome, and Safari are web browsers, MS Word is a word processor.",NET,Conceptual,Medium,Intelligence,Odd One Out
"Odd one out: A) 1, B) 2, C) 4, D) 7",1,2,4,7,D,"1, 2, and 4 are not all prime but are in a sequence or have a relation, 7 disrupts a possible pattern.",NET,Conceptual,Medium,Intelligence,Odd One Out
